,Dominant_Topic
0,14.0
1,6.0
2,12.0
3,17.0
4,9.0
5,8.0
6,20.0
7,16.0
8,20.0
9,20.0
10,16.0
11,14.0
12,20.0
13,13.0
14,21.0
15,3.0
16,23.0
17,23.0
18,18.0
19,2.0
20,10.0
21,15.0
22,18.0
23,18.0
24,18.0
25,6.0
26,24.0
27,18.0
28,8.0
29,20.0
30,6.0
31,1.0
32,26.0
33,0.0
34,22.0
35,4.0
36,20.0
37,12.0
38,23.0
39,17.0
40,1.0
41,27.0
42,18.0
43,8.0
44,1.0
45,8.0
46,15.0
47,11.0
48,18.0
49,27.0
50,23.0
51,20.0
52,20.0
53,0.0
54,5.0
55,6.0
56,13.0
57,7.0
58,25.0
59,1.0
60,4.0
61,12.0
62,24.0
63,27.0
64,23.0
65,0.0
66,23.0
67,23.0
68,6.0
69,17.0
70,20.0
71,9.0
72,8.0
73,19.0
74,21.0
75,23.0
76,8.0
77,18.0
78,20.0
79,20.0
80,27.0
81,3.0
82,20.0
83,8.0
84,1.0
85,14.0
86,8.0
87,27.0
88,5.0
89,20.0
90,6.0
91,23.0
92,20.0
93,21.0
94,8.0
95,25.0
96,22.0
97,6.0
98,7.0
99,24.0
100,13.0
101,16.0
102,4.0
103,4.0
104,3.0
105,8.0
106,17.0
107,10.0
108,12.0
109,24.0
110,6.0
111,9.0
112,11.0
113,3.0
114,16.0
115,18.0
116,20.0
117,15.0
118,1.0
119,18.0
120,12.0
121,17.0
122,18.0
123,23.0
124,4.0
125,4.0
126,16.0
127,14.0
128,4.0
129,12.0
130,1.0
131,8.0
132,6.0
133,8.0
134,20.0
135,20.0
136,9.0
137,6.0
138,16.0
139,6.0
140,20.0
141,20.0
142,14.0
143,20.0
144,3.0
145,23.0
146,5.0
147,19.0
148,23.0
149,21.0
150,2.0
151,1.0
152,23.0
153,9.0
154,20.0
155,4.0
156,0.0
157,0.0
158,27.0
159,8.0
160,9.0
161,16.0
162,20.0
163,20.0
164,8.0
165,20.0
166,9.0
167,6.0
168,0.0
169,16.0
170,6.0
171,8.0
172,14.0
173,6.0
174,4.0
175,6.0
176,6.0
177,7.0
178,0.0
179,0.0
180,23.0
181,20.0
182,10.0
183,11.0
184,21.0
185,6.0
186,8.0
187,21.0
188,26.0
189,1.0
190,7.0
191,26.0
192,20.0
193,20.0
194,18.0
195,0.0
196,20.0
197,8.0
198,6.0
199,4.0
200,13.0
201,19.0
202,18.0
203,24.0
204,8.0
205,4.0
206,27.0
207,22.0
208,13.0
209,23.0
210,17.0
211,14.0
212,18.0
213,25.0
214,12.0
215,2.0
216,20.0
217,23.0
218,18.0
219,20.0
220,6.0
221,6.0
222,9.0
223,9.0
224,8.0
225,6.0
226,24.0
227,4.0
228,4.0
229,16.0
230,0.0
231,20.0
232,25.0
233,25.0
234,16.0
235,4.0
236,23.0
237,6.0
238,24.0
239,7.0
240,6.0
241,25.0
242,26.0
243,6.0
244,10.0
245,10.0
246,3.0
247,0.0
248,8.0
249,1.0
250,27.0
251,10.0
252,18.0
253,17.0
254,8.0
255,4.0
256,18.0
257,1.0
258,3.0
259,9.0
260,26.0
261,11.0
262,20.0
263,18.0
264,18.0
265,20.0
266,17.0
267,16.0
268,18.0
269,8.0
270,7.0
271,1.0
272,18.0
273,8.0
274,20.0
275,10.0
276,5.0
277,10.0
278,2.0
279,4.0
280,21.0
281,6.0
282,8.0
283,0.0
284,4.0
285,12.0
286,4.0
287,18.0
288,22.0
289,26.0
290,4.0
291,15.0
292,0.0
293,1.0
294,1.0
295,9.0
296,9.0
297,2.0
298,25.0
299,2.0
300,24.0
301,20.0
302,1.0
303,1.0
304,21.0
305,3.0
306,4.0
307,18.0
308,18.0
309,1.0
310,6.0
311,20.0
312,2.0
313,12.0
314,15.0
315,11.0
316,9.0
317,6.0
318,22.0
319,2.0
320,18.0
321,4.0
322,4.0
323,15.0
324,27.0
325,6.0
326,20.0
327,15.0
328,16.0
329,6.0
330,18.0
331,1.0
332,20.0
333,6.0
334,9.0
335,24.0
336,25.0
337,24.0
338,0.0
339,21.0
340,21.0
341,26.0
342,14.0
343,1.0
344,24.0
345,6.0
346,8.0
347,1.0
348,15.0
349,5.0
350,1.0
351,1.0
352,7.0
353,1.0
354,12.0
355,6.0
356,9.0
357,27.0
358,8.0
359,18.0
360,5.0
361,21.0
362,6.0
363,0.0
364,0.0
365,14.0
366,26.0
367,12.0
368,20.0
369,6.0
370,18.0
371,20.0
372,23.0
373,0.0
374,0.0
375,0.0
376,14.0
377,6.0
378,2.0
379,17.0
380,2.0
381,12.0
382,14.0
383,9.0
384,0.0
385,8.0
386,15.0
387,14.0
388,5.0
389,8.0
390,20.0
391,5.0
392,2.0
393,8.0
394,22.0
395,5.0
396,24.0
397,5.0
398,11.0
399,4.0
400,23.0
401,4.0
402,20.0
403,7.0
404,0.0
405,24.0
406,23.0
407,7.0
408,18.0
409,9.0
410,17.0
411,5.0
412,10.0
413,27.0
414,4.0
415,6.0
416,20.0
417,1.0
418,0.0
419,21.0
420,9.0
421,4.0
422,4.0
423,6.0
424,17.0
425,20.0
426,16.0
427,6.0
428,14.0
429,4.0
430,22.0
431,0.0
432,24.0
433,8.0
434,8.0
435,24.0
436,13.0
437,8.0
438,4.0
439,8.0
440,4.0
441,4.0
442,14.0
443,11.0
444,21.0
445,25.0
446,26.0
447,1.0
448,26.0
449,24.0
450,0.0
451,9.0
452,10.0
453,18.0
454,25.0
455,8.0
456,8.0
457,2.0
458,6.0
459,26.0
460,17.0
461,12.0
462,11.0
463,6.0
464,13.0
465,1.0
466,20.0
467,2.0
468,24.0
469,14.0
470,16.0
471,27.0
472,5.0
473,20.0
474,2.0
475,13.0
476,23.0
477,9.0
478,7.0
479,26.0
480,18.0
481,18.0
482,26.0
483,6.0
484,7.0
485,2.0
486,12.0
487,20.0
488,4.0
489,13.0
490,3.0
491,9.0
492,6.0
493,1.0
494,23.0
495,0.0
496,1.0
497,16.0
498,9.0
499,22.0
500,5.0
501,0.0
502,0.0
503,8.0
504,14.0
505,19.0
506,4.0
507,6.0
508,23.0
509,4.0
510,4.0
511,8.0
512,3.0
513,6.0
514,6.0
515,9.0
516,16.0
517,8.0
518,27.0
519,8.0
520,23.0
521,24.0
522,10.0
523,14.0
524,26.0
525,1.0
526,16.0
527,6.0
528,9.0
529,20.0
530,8.0
531,6.0
532,22.0
533,6.0
534,4.0
535,5.0
536,20.0
537,2.0
538,1.0
539,9.0
540,26.0
541,20.0
542,0.0
543,6.0
544,18.0
545,12.0
546,8.0
547,18.0
548,9.0
549,6.0
550,9.0
551,9.0
552,17.0
553,24.0
554,4.0
555,15.0
556,23.0
557,12.0
558,4.0
559,9.0
560,11.0
561,26.0
562,3.0
563,7.0
564,13.0
565,25.0
566,8.0
567,6.0
568,1.0
569,19.0
570,0.0
571,18.0
572,27.0
573,2.0
574,11.0
575,16.0
576,17.0
577,8.0
578,18.0
579,27.0
580,17.0
581,6.0
582,18.0
583,7.0
584,24.0
585,3.0
586,19.0
587,7.0
588,6.0
589,17.0
590,17.0
591,6.0
592,26.0
593,22.0
594,14.0
595,0.0
596,21.0
597,0.0
598,4.0
599,11.0
600,6.0
601,0.0
602,7.0
603,6.0
604,27.0
605,16.0
606,1.0
607,7.0
608,20.0
609,7.0
610,22.0
611,6.0
612,15.0
613,5.0
614,8.0
615,8.0
616,18.0
617,25.0
618,23.0
619,15.0
620,20.0
621,5.0
622,24.0
623,4.0
624,19.0
625,13.0
626,27.0
627,14.0
628,20.0
629,4.0
630,6.0
631,14.0
632,22.0
633,1.0
634,6.0
635,16.0
636,7.0
637,3.0
638,27.0
639,23.0
640,14.0
641,9.0
642,7.0
643,2.0
644,20.0
645,4.0
646,14.0
647,0.0
648,4.0
649,6.0
650,26.0
651,13.0
652,5.0
653,4.0
654,11.0
655,18.0
656,3.0
657,27.0
658,8.0
659,25.0
660,15.0
661,1.0
662,9.0
663,26.0
664,18.0
665,0.0
666,6.0
667,6.0
668,16.0
669,20.0
670,20.0
671,3.0
672,12.0
673,9.0
674,20.0
675,11.0
676,6.0
677,0.0
678,8.0
679,12.0
680,6.0
681,16.0
682,4.0
683,24.0
684,20.0
685,2.0
686,0.0
687,23.0
688,27.0
689,20.0
690,8.0
691,8.0
692,8.0
693,17.0
694,10.0
695,12.0
696,7.0
697,19.0
698,13.0
699,20.0
700,10.0
701,20.0
702,8.0
703,20.0
704,23.0
705,16.0
706,18.0
707,11.0
708,23.0
709,9.0
710,2.0
711,13.0
712,18.0
713,27.0
714,18.0
715,17.0
716,0.0
717,23.0
718,4.0
719,14.0
720,3.0
721,13.0
722,9.0
723,19.0
724,14.0
725,18.0
726,16.0
727,5.0
728,26.0
729,4.0
730,16.0
731,9.0
732,0.0
733,16.0
734,6.0
735,18.0
736,18.0
737,17.0
738,4.0
739,4.0
740,11.0
741,20.0
742,18.0
743,6.0
744,4.0
745,24.0
746,13.0
747,5.0
748,23.0
749,6.0
750,0.0
751,25.0
752,6.0
753,6.0
754,15.0
755,0.0
756,10.0
757,5.0
758,4.0
759,20.0
760,27.0
761,8.0
762,5.0
763,8.0
764,11.0
765,13.0
766,5.0
767,27.0
768,3.0
769,26.0
770,12.0
771,16.0
772,24.0
773,20.0
774,0.0
775,20.0
776,23.0
777,8.0
778,6.0
779,20.0
780,25.0
781,2.0
782,0.0
783,4.0
784,25.0
785,5.0
786,18.0
787,18.0
788,20.0
789,2.0
790,6.0
791,18.0
792,22.0
793,19.0
794,16.0
795,23.0
796,27.0
797,12.0
798,4.0
799,9.0
800,11.0
801,27.0
802,3.0
803,24.0
804,6.0
805,23.0
806,18.0
807,23.0
808,16.0
809,2.0
810,20.0
811,16.0
812,3.0
813,0.0
814,5.0
815,6.0
816,11.0
817,17.0
818,0.0
819,6.0
820,3.0
821,12.0
822,8.0
823,17.0
824,23.0
825,2.0
826,27.0
827,4.0
828,20.0
829,23.0
830,17.0
831,6.0
832,4.0
833,9.0
834,5.0
835,23.0
836,23.0
837,26.0
838,23.0
839,23.0
840,17.0
841,6.0
842,17.0
843,17.0
844,0.0
845,25.0
846,0.0
847,15.0
848,26.0
849,16.0
850,18.0
851,17.0
852,0.0
853,0.0
854,15.0
855,18.0
856,20.0
857,21.0
858,20.0
859,0.0
860,24.0
861,14.0
862,2.0
863,17.0
864,23.0
865,23.0
866,9.0
867,7.0
868,17.0
869,20.0
870,23.0
871,23.0
872,23.0
873,8.0
874,15.0
875,0.0
876,19.0
877,18.0
878,18.0
879,23.0
880,18.0
881,12.0
882,17.0
883,4.0
884,23.0
885,6.0
886,25.0
887,26.0
888,21.0
889,8.0
890,3.0
891,17.0
892,23.0
893,12.0
894,17.0
895,22.0
896,12.0
897,8.0
898,18.0
899,27.0
900,17.0
901,25.0
902,2.0
903,6.0
904,6.0
905,18.0
906,23.0
907,23.0
908,17.0
909,6.0
910,21.0
911,16.0
912,19.0
913,8.0
914,26.0
915,3.0
916,8.0
917,17.0
918,11.0
919,14.0
920,2.0
921,12.0
922,10.0
923,23.0
924,16.0
925,1.0
926,22.0
927,17.0
928,14.0
929,7.0
930,12.0
931,27.0
932,23.0
933,23.0
934,23.0
935,20.0
936,27.0
937,3.0
938,0.0
939,16.0
940,23.0
941,23.0
942,4.0
943,27.0
944,7.0
945,5.0
946,18.0
947,0.0
948,14.0
949,15.0
950,19.0
951,27.0
952,13.0
953,12.0
954,14.0
955,7.0
956,7.0
957,4.0
958,19.0
959,13.0
960,15.0
961,12.0
962,23.0
963,24.0
964,14.0
965,6.0
966,8.0
967,23.0
968,18.0
969,27.0
970,9.0
971,20.0
972,25.0
973,6.0
974,2.0
975,0.0
976,4.0
977,26.0
978,6.0
979,15.0
980,4.0
981,7.0
982,5.0
983,23.0
984,23.0
985,17.0
986,5.0
987,22.0
988,13.0
989,13.0
990,27.0
991,18.0
992,9.0
993,24.0
994,6.0
995,9.0
996,17.0
997,9.0
998,14.0
999,3.0
1000,7.0
1001,4.0
1002,16.0
1003,9.0
1004,4.0
1005,2.0
1006,17.0
1007,17.0
1008,17.0
1009,10.0
1010,26.0
1011,8.0
1012,26.0
1013,22.0
1014,12.0
1015,5.0
1016,17.0
1017,23.0
1018,27.0
1019,25.0
1020,0.0
1021,14.0
1022,19.0
1023,17.0
1024,9.0
1025,14.0
1026,23.0
1027,3.0
1028,0.0
1029,1.0
1030,22.0
1031,22.0
1032,23.0
1033,24.0
1034,18.0
1035,5.0
1036,6.0
1037,17.0
1038,0.0
1039,13.0
1040,21.0
1041,27.0
1042,5.0
1043,3.0
1044,10.0
1045,1.0
1046,8.0
1047,1.0
1048,17.0
1049,23.0
1050,7.0
1051,26.0
1052,20.0
1053,4.0
1054,23.0
1055,20.0
1056,18.0
1057,23.0
1058,26.0
1059,5.0
1060,8.0
1061,27.0
1062,6.0
1063,21.0
1064,23.0
1065,23.0
1066,5.0
1067,6.0
1068,15.0
1069,6.0
1070,21.0
1071,24.0
1072,27.0
1073,18.0
1074,26.0
1075,8.0
1076,7.0
1077,7.0
1078,13.0
1079,17.0
1080,6.0
1081,18.0
1082,2.0
1083,1.0
1084,11.0
1085,3.0
1086,15.0
1087,18.0
1088,4.0
1089,18.0
1090,16.0
1091,15.0
1092,14.0
1093,26.0
1094,15.0
1095,22.0
1096,2.0
1097,9.0
1098,23.0
1099,18.0
1100,23.0
1101,17.0
1102,5.0
1103,5.0
1104,17.0
1105,0.0
1106,19.0
1107,0.0
1108,5.0
1109,20.0
1110,18.0
1111,5.0
1112,16.0
1113,7.0
1114,20.0
1115,20.0
1116,0.0
1117,2.0
1118,21.0
1119,3.0
1120,27.0
1121,9.0
1122,24.0
1123,4.0
1124,23.0
1125,0.0
1126,20.0
1127,5.0
1128,27.0
1129,11.0
1130,0.0
1131,1.0
1132,0.0
1133,11.0
1134,6.0
1135,6.0
1136,24.0
1137,0.0
1138,4.0
1139,6.0
1140,25.0
1141,25.0
1142,3.0
1143,22.0
1144,10.0
1145,9.0
1146,7.0
1147,5.0
1148,5.0
1149,26.0
1150,17.0
1151,5.0
1152,3.0
1153,9.0
1154,22.0
1155,0.0
1156,13.0
1157,13.0
1158,27.0
1159,11.0
1160,23.0
1161,23.0
1162,6.0
1163,2.0
1164,0.0
1165,10.0
1166,27.0
1167,25.0
1168,21.0
1169,19.0
1170,0.0
1171,1.0
1172,7.0
1173,24.0
1174,27.0
1175,13.0
1176,12.0
1177,6.0
1178,15.0
1179,25.0
1180,3.0
1181,24.0
1182,4.0
1183,26.0
1184,7.0
1185,4.0
1186,7.0
1187,12.0
1188,18.0
1189,15.0
1190,4.0
1191,24.0
1192,26.0
1193,0.0
1194,13.0
1195,6.0
1196,5.0
1197,25.0
1198,18.0
1199,4.0
1200,14.0
1201,17.0
1202,27.0
1203,14.0
1204,6.0
1205,0.0
1206,10.0
1207,0.0
1208,20.0
1209,27.0
1210,2.0
1211,7.0
1212,7.0
1213,4.0
1214,23.0
1215,19.0
1216,5.0
1217,12.0
1218,0.0
1219,22.0
1220,9.0
1221,6.0
1222,20.0
1223,20.0
1224,25.0
1225,21.0
1226,7.0
1227,19.0
1228,19.0
1229,5.0
1230,26.0
1231,7.0
1232,5.0
1233,4.0
1234,23.0
1235,13.0
1236,24.0
1237,4.0
1238,5.0
1239,15.0
1240,5.0
1241,20.0
1242,20.0
1243,8.0
1244,0.0
1245,1.0
1246,0.0
1247,15.0
1248,12.0
1249,18.0
1250,21.0
1251,27.0
1252,27.0
1253,11.0
1254,9.0
1255,5.0
1256,24.0
1257,20.0
1258,9.0
1259,27.0
1260,24.0
1261,17.0
1262,4.0
1263,18.0
1264,12.0
1265,17.0
1266,14.0
1267,24.0
1268,18.0
1269,27.0
1270,23.0
1271,13.0
1272,15.0
1273,21.0
1274,9.0
1275,13.0
1276,1.0
1277,10.0
1278,9.0
1279,5.0
1280,26.0
1281,18.0
1282,20.0
1283,17.0
1284,6.0
1285,17.0
1286,23.0
1287,19.0
1288,23.0
1289,23.0
1290,0.0
1291,27.0
1292,4.0
1293,5.0
1294,23.0
1295,23.0
1296,5.0
1297,19.0
1298,5.0
1299,25.0
1300,13.0
1301,3.0
1302,5.0
1303,18.0
1304,7.0
1305,18.0
1306,23.0
1307,24.0
1308,20.0
1309,14.0
1310,16.0
1311,25.0
1312,14.0
1313,21.0
1314,5.0
1315,9.0
1316,20.0
1317,17.0
1318,7.0
1319,18.0
1320,19.0
1321,26.0
1322,15.0
1323,6.0
1324,7.0
1325,18.0
1326,20.0
1327,20.0
1328,4.0
1329,21.0
1330,6.0
1331,24.0
1332,20.0
1333,5.0
1334,13.0
1335,0.0
1336,0.0
1337,6.0
1338,4.0
1339,4.0
1340,18.0
1341,27.0
1342,4.0
1343,4.0
1344,18.0
1345,4.0
1346,23.0
1347,2.0
1348,17.0
1349,9.0
1350,9.0
1351,26.0
1352,13.0
1353,11.0
1354,6.0
1355,27.0
1356,26.0
1357,15.0
1358,9.0
1359,20.0
1360,20.0
1361,6.0
1362,2.0
1363,25.0
1364,8.0
1365,20.0
1366,20.0
1367,9.0
1368,5.0
1369,14.0
1370,9.0
1371,12.0
1372,11.0
1373,17.0
1374,6.0
1375,4.0
1376,21.0
1377,0.0
1378,5.0
1379,18.0
1380,18.0
1381,4.0
1382,27.0
1383,18.0
1384,20.0
1385,5.0
1386,3.0
1387,27.0
1388,25.0
1389,10.0
1390,14.0
1391,22.0
1392,27.0
1393,9.0
1394,16.0
1395,21.0
1396,23.0
1397,7.0
1398,9.0
1399,4.0
1400,21.0
1401,22.0
1402,19.0
1403,16.0
1404,17.0
1405,0.0
1406,13.0
1407,21.0
1408,3.0
1409,20.0
1410,20.0
1411,18.0
1412,26.0
1413,5.0
1414,17.0
1415,13.0
1416,3.0
1417,13.0
1418,13.0
1419,1.0
1420,24.0
1421,8.0
1422,18.0
1423,7.0
1424,8.0
1425,23.0
1426,13.0
1427,2.0
1428,18.0
1429,13.0
1430,8.0
1431,8.0
1432,17.0
1433,21.0
1434,16.0
1435,4.0
1436,8.0
1437,24.0
1438,5.0
1439,20.0
1440,0.0
1441,15.0
1442,25.0
1443,0.0
1444,3.0
1445,13.0
1446,6.0
1447,18.0
1448,9.0
1449,9.0
1450,2.0
1451,18.0
1452,3.0
1453,26.0
1454,14.0
1455,0.0
1456,10.0
1457,12.0
1458,5.0
1459,4.0
1460,5.0
1461,17.0
1462,5.0
1463,15.0
1464,18.0
1465,26.0
1466,6.0
1467,2.0
1468,22.0
1469,21.0
1470,12.0
1471,14.0
1472,18.0
1473,19.0
1474,2.0
1475,12.0
1476,10.0
1477,16.0
1478,0.0
1479,10.0
1480,16.0
1481,25.0
1482,20.0
1483,21.0
1484,18.0
1485,8.0
1486,14.0
1487,6.0
1488,7.0
1489,12.0
1490,5.0
1491,0.0
1492,10.0
1493,0.0
1494,0.0
1495,12.0
1496,24.0
1497,11.0
1498,18.0
1499,8.0
1500,9.0
1501,11.0
1502,5.0
1503,5.0
1504,8.0
1505,1.0
1506,24.0
1507,12.0
1508,13.0
1509,23.0
1510,8.0
1511,20.0
1512,18.0
1513,7.0
1514,12.0
1515,5.0
1516,0.0
1517,9.0
1518,15.0
1519,25.0
1520,21.0
1521,0.0
1522,0.0
1523,16.0
1524,19.0
1525,6.0
1526,27.0
1527,26.0
1528,10.0
1529,13.0
1530,12.0
1531,9.0
1532,3.0
1533,25.0
1534,9.0
1535,25.0
1536,27.0
1537,0.0
1538,13.0
1539,19.0
1540,22.0
1541,15.0
1542,11.0
1543,10.0
1544,13.0
1545,24.0
1546,2.0
1547,27.0
1548,18.0
1549,26.0
1550,2.0
1551,2.0
1552,9.0
1553,18.0
1554,22.0
1555,25.0
1556,8.0
1557,11.0
1558,23.0
1559,4.0
1560,16.0
1561,19.0
1562,12.0
1563,15.0
1564,3.0
1565,3.0
1566,6.0
1567,17.0
1568,23.0
1569,18.0
1570,3.0
1571,5.0
1572,20.0
1573,27.0
1574,3.0
1575,17.0
1576,16.0
1577,0.0
1578,0.0
1579,8.0
1580,6.0
1581,22.0
1582,6.0
1583,17.0
1584,6.0
1585,7.0
1586,6.0
1587,4.0
1588,16.0
1589,1.0
1590,1.0
1591,26.0
1592,2.0
1593,9.0
1594,7.0
1595,17.0
1596,5.0
1597,20.0
1598,21.0
1599,4.0
1600,20.0
1601,13.0
1602,7.0
1603,18.0
1604,17.0
1605,3.0
1606,4.0
1607,18.0
1608,10.0
1609,15.0
1610,17.0
1611,0.0
1612,0.0
1613,20.0
1614,3.0
1615,4.0
1616,9.0
1617,18.0
1618,7.0
1619,11.0
1620,5.0
1621,2.0
1622,21.0
1623,15.0
1624,3.0
1625,25.0
1626,1.0
1627,0.0
1628,5.0
1629,5.0
1630,6.0
1631,15.0
1632,4.0
1633,11.0
1634,26.0
1635,13.0
1636,18.0
1637,9.0
1638,7.0
1639,7.0
1640,25.0
1641,24.0
1642,20.0
1643,0.0
1644,17.0
1645,17.0
1646,6.0
1647,12.0
1648,0.0
1649,0.0
1650,0.0
1651,5.0
1652,27.0
1653,24.0
1654,15.0
1655,20.0
1656,11.0
1657,12.0
1658,13.0
1659,7.0
1660,27.0
1661,22.0
1662,3.0
1663,6.0
1664,22.0
1665,23.0
1666,4.0
1667,4.0
1668,25.0
1669,17.0
1670,16.0
1671,16.0
1672,0.0
1673,19.0
1674,14.0
1675,22.0
1676,0.0
1677,6.0
1678,4.0
1679,22.0
1680,22.0
1681,9.0
1682,14.0
1683,13.0
1684,6.0
1685,23.0
1686,26.0
1687,19.0
1688,22.0
1689,3.0
1690,8.0
1691,5.0
1692,27.0
1693,16.0
1694,7.0
1695,12.0
1696,18.0
1697,2.0
1698,2.0
1699,2.0
1700,5.0
1701,5.0
1702,13.0
1703,5.0
1704,4.0
1705,1.0
1706,9.0
1707,7.0
1708,16.0
1709,4.0
1710,0.0
1711,3.0
1712,13.0
1713,11.0
1714,5.0
1715,17.0
1716,7.0
1717,13.0
1718,6.0
1719,20.0
1720,27.0
1721,3.0
1722,9.0
1723,19.0
1724,19.0
1725,3.0
1726,20.0
1727,2.0
1728,14.0
1729,5.0
1730,8.0
1731,11.0
1732,13.0
1733,12.0
1734,4.0
1735,20.0
1736,3.0
1737,0.0
1738,0.0
1739,25.0
1740,2.0
1741,24.0
1742,2.0
1743,8.0
1744,4.0
1745,20.0
1746,23.0
1747,5.0
1748,1.0
1749,22.0
1750,27.0
1751,27.0
1752,22.0
1753,22.0
1754,22.0
1755,11.0
1756,5.0
1757,4.0
1758,20.0
1759,25.0
1760,16.0
1761,6.0
1762,1.0
1763,15.0
1764,22.0
1765,0.0
1766,17.0
1767,6.0
1768,2.0
1769,25.0
1770,0.0
1771,8.0
1772,6.0
1773,6.0
1774,2.0
1775,1.0
1776,13.0
1777,24.0
1778,15.0
1779,25.0
1780,14.0
1781,6.0
1782,4.0
1783,23.0
1784,14.0
1785,5.0
1786,13.0
1787,7.0
1788,9.0
1789,7.0
1790,0.0
1791,0.0
1792,26.0
1793,19.0
1794,7.0
1795,3.0
1796,20.0
1797,6.0
1798,1.0
1799,22.0
1800,14.0
1801,11.0
1802,5.0
1803,26.0
1804,4.0
1805,13.0
1806,6.0
1807,20.0
1808,5.0
1809,21.0
1810,15.0
1811,0.0
1812,3.0
1813,25.0
1814,23.0
1815,13.0
1816,7.0
1817,23.0
1818,5.0
1819,7.0
1820,4.0
1821,2.0
1822,3.0
1823,20.0
1824,8.0
1825,11.0
1826,12.0
1827,0.0
1828,0.0
1829,1.0
1830,9.0
1831,4.0
1832,10.0
1833,10.0
1834,5.0
1835,5.0
1836,7.0
1837,15.0
1838,25.0
1839,25.0
1840,1.0
1841,1.0
1842,22.0
1843,1.0
1844,7.0
1845,2.0
1846,9.0
1847,5.0
1848,6.0
1849,1.0
1850,10.0
1851,22.0
1852,24.0
1853,21.0
1854,16.0
1855,4.0
1856,16.0
1857,19.0
1858,16.0
1859,5.0
1860,26.0
1861,14.0
1862,0.0
1863,3.0
1864,8.0
1865,18.0
1866,6.0
1867,18.0
1868,8.0
1869,5.0
1870,1.0
1871,0.0
1872,0.0
1873,21.0
1874,23.0
1875,23.0
1876,9.0
1877,8.0
1878,6.0
1879,12.0
1880,21.0
1881,22.0
1882,22.0
1883,25.0
1884,13.0
1885,5.0
1886,11.0
1887,4.0
1888,1.0
1889,4.0
1890,6.0
1891,22.0
1892,16.0
1893,0.0
1894,4.0
1895,27.0
1896,22.0
1897,25.0
1898,7.0
1899,13.0
1900,10.0
1901,22.0
1902,22.0
1903,27.0
1904,19.0
1905,15.0
1906,1.0
1907,0.0
1908,11.0
1909,2.0
1910,22.0
1911,4.0
1912,2.0
1913,7.0
1914,14.0
1915,5.0
1916,15.0
1917,22.0
1918,3.0
1919,5.0
1920,26.0
1921,18.0
1922,16.0
1923,19.0
1924,21.0
1925,16.0
1926,5.0
1927,10.0
1928,5.0
1929,21.0
1930,19.0
1931,9.0
1932,17.0
1933,4.0
1934,8.0
1935,23.0
1936,7.0
1937,11.0
1938,20.0
1939,6.0
1940,3.0
1941,10.0
1942,19.0
1943,1.0
1944,25.0
1945,7.0
1946,8.0
1947,9.0
1948,9.0
1949,24.0
1950,16.0
1951,13.0
1952,23.0
1953,17.0
1954,7.0
1955,12.0
1956,4.0
1957,8.0
1958,5.0
1959,5.0
1960,1.0
1961,25.0
1962,3.0
1963,1.0
1964,18.0
1965,11.0
1966,10.0
1967,15.0
1968,26.0
1969,0.0
1970,20.0
1971,6.0
1972,8.0
1973,1.0
1974,7.0
1975,10.0
1976,7.0
1977,11.0
1978,22.0
1979,27.0
1980,1.0
1981,14.0
1982,10.0
1983,19.0
1984,8.0
1985,0.0
1986,20.0
1987,7.0
1988,2.0
1989,18.0
1990,5.0
1991,3.0
1992,7.0
1993,16.0
1994,0.0
1995,4.0
1996,18.0
1997,26.0
1998,1.0
1999,1.0
2000,15.0
2001,0.0
2002,5.0
2003,5.0
2004,6.0
2005,10.0
2006,24.0
2007,22.0
2008,10.0
2009,2.0
2010,13.0
2011,27.0
2012,26.0
2013,1.0
2014,5.0
2015,12.0
2016,0.0
2017,2.0
2018,10.0
2019,16.0
2020,11.0
2021,7.0
2022,7.0
2023,5.0
2024,0.0
2025,20.0
2026,19.0
2027,20.0
2028,12.0
2029,17.0
2030,5.0
2031,7.0
2032,0.0
2033,1.0
2034,0.0
2035,3.0
2036,25.0
2037,24.0
2038,5.0
2039,24.0
2040,3.0
2041,0.0
2042,14.0
2043,6.0
2044,6.0
2045,7.0
2046,4.0
2047,0.0
2048,5.0
2049,10.0
2050,0.0
2051,0.0
2052,22.0
2053,21.0
2054,1.0
2055,16.0
2056,22.0
2057,23.0
2058,18.0
2059,2.0
2060,9.0
2061,0.0
2062,15.0
2063,0.0
2064,4.0
2065,20.0
2066,7.0
2067,8.0
2068,7.0
2069,7.0
2070,20.0
2071,20.0
2072,0.0
2073,16.0
2074,24.0
2075,13.0
2076,10.0
2077,15.0
2078,3.0
2079,3.0
2080,11.0
2081,14.0
2082,27.0
2083,17.0
2084,11.0
2085,19.0
2086,2.0
2087,5.0
2088,11.0
2089,10.0
2090,8.0
2091,13.0
2092,5.0
2093,20.0
2094,13.0
2095,3.0
2096,1.0
2097,1.0
2098,24.0
2099,0.0
2100,4.0
2101,19.0
2102,20.0
2103,2.0
2104,5.0
2105,24.0
2106,27.0
2107,16.0
2108,9.0
2109,7.0
2110,18.0
2111,9.0
2112,24.0
2113,9.0
2114,7.0
2115,10.0
2116,2.0
2117,10.0
2118,16.0
2119,19.0
2120,27.0
2121,8.0
2122,6.0
2123,4.0
2124,22.0
2125,4.0
2126,18.0
2127,18.0
2128,7.0
2129,10.0
2130,25.0
2131,20.0
2132,9.0
2133,6.0
2134,1.0
2135,25.0
2136,0.0
2137,21.0
2138,0.0
2139,0.0
2140,25.0
2141,10.0
2142,10.0
2143,0.0
2144,19.0
2145,22.0
2146,0.0
2147,12.0
2148,3.0
2149,4.0
2150,9.0
2151,10.0
2152,1.0
2153,5.0
2154,9.0
2155,3.0
2156,0.0
2157,3.0
2158,22.0
2159,19.0
2160,1.0
2161,18.0
2162,11.0
2163,15.0
2164,14.0
2165,6.0
2166,20.0
2167,16.0
2168,22.0
2169,12.0
2170,23.0
2171,1.0
2172,20.0
2173,0.0
2174,5.0
2175,0.0
2176,6.0
2177,16.0
2178,18.0
2179,11.0
2180,20.0
2181,25.0
2182,15.0
2183,11.0
2184,20.0
2185,6.0
2186,8.0
2187,3.0
2188,9.0
2189,17.0
2190,20.0
2191,4.0
2192,17.0
2193,0.0
2194,22.0
2195,12.0
2196,11.0
2197,6.0
2198,11.0
2199,15.0
2200,18.0
2201,4.0
2202,20.0
2203,14.0
2204,2.0
2205,5.0
2206,9.0
2207,20.0
2208,5.0
2209,24.0
2210,0.0
2211,3.0
2212,22.0
2213,1.0
2214,0.0
2215,19.0
2216,5.0
2217,24.0
2218,17.0
2219,4.0
2220,0.0
2221,0.0
2222,6.0
2223,8.0
2224,25.0
2225,9.0
2226,13.0
2227,21.0
2228,20.0
2229,25.0
2230,25.0
2231,18.0
2232,1.0
2233,0.0
2234,1.0
2235,3.0
2236,25.0
2237,8.0
2238,24.0
2239,6.0
2240,20.0
2241,26.0
2242,18.0
2243,20.0
2244,16.0
2245,4.0
2246,20.0
2247,5.0
2248,18.0
2249,3.0
2250,4.0
2251,3.0
2252,2.0
2253,9.0
2254,0.0
2255,22.0
2256,1.0
2257,5.0
2258,2.0
2259,1.0
2260,1.0
2261,14.0
2262,18.0
2263,8.0
2264,18.0
2265,18.0
2266,11.0
2267,4.0
2268,6.0
2269,1.0
2270,27.0
2271,15.0
2272,8.0
2273,1.0
2274,27.0
2275,5.0
2276,2.0
2277,27.0
2278,18.0
2279,12.0
2280,12.0
2281,25.0
2282,24.0
2283,18.0
2284,22.0
2285,10.0
2286,24.0
2287,3.0
2288,3.0
2289,3.0
2290,19.0
2291,13.0
2292,11.0
2293,12.0
2294,3.0
2295,24.0
2296,6.0
2297,0.0
2298,20.0
2299,4.0
2300,12.0
2301,22.0
2302,12.0
2303,10.0
2304,4.0
2305,9.0
2306,5.0
2307,26.0
2308,22.0
2309,22.0
2310,19.0
2311,22.0
2312,9.0
2313,0.0
2314,15.0
2315,11.0
2316,4.0
2317,11.0
2318,12.0
2319,20.0
2320,3.0
2321,14.0
2322,16.0
2323,8.0
2324,4.0
2325,26.0
2326,0.0
2327,20.0
2328,5.0
2329,17.0
2330,16.0
2331,22.0
2332,22.0
2333,11.0
2334,4.0
2335,25.0
2336,7.0
2337,21.0
2338,26.0
2339,0.0
2340,2.0
2341,0.0
2342,14.0
2343,17.0
2344,6.0
2345,23.0
2346,6.0
2347,4.0
2348,14.0
2349,27.0
2350,10.0
2351,22.0
2352,3.0
2353,16.0
2354,13.0
2355,11.0
2356,4.0
2357,0.0
2358,0.0
2359,2.0
2360,25.0
2361,13.0
2362,17.0
2363,8.0
2364,17.0
2365,0.0
2366,14.0
2367,8.0
2368,1.0
2369,2.0
2370,20.0
2371,17.0
2372,1.0
2373,0.0
2374,4.0
2375,3.0
2376,3.0
2377,1.0
2378,2.0
2379,19.0
2380,8.0
2381,4.0
2382,5.0
2383,13.0
2384,6.0
2385,1.0
2386,10.0
2387,6.0
2388,1.0
2389,8.0
2390,10.0
2391,21.0
2392,23.0
2393,20.0
2394,27.0
2395,13.0
2396,0.0
2397,25.0
2398,22.0
2399,20.0
2400,13.0
2401,23.0
2402,19.0
2403,15.0
2404,10.0
2405,4.0
2406,25.0
2407,9.0
2408,0.0
2409,3.0
2410,25.0
2411,5.0
2412,2.0
2413,5.0
2414,21.0
2415,15.0
2416,17.0
2417,6.0
2418,8.0
2419,24.0
2420,3.0
2421,2.0
2422,27.0
2423,14.0
2424,18.0
2425,27.0
2426,20.0
2427,3.0
2428,3.0
2429,3.0
2430,0.0
2431,10.0
2432,10.0
2433,2.0
2434,10.0
2435,2.0
2436,25.0
2437,14.0
2438,11.0
2439,4.0
2440,14.0
2441,10.0
2442,18.0
2443,1.0
2444,18.0
2445,4.0
2446,22.0
2447,15.0
2448,0.0
2449,1.0
2450,19.0
2451,5.0
2452,22.0
2453,3.0
2454,16.0
2455,20.0
2456,20.0
2457,14.0
2458,6.0
2459,9.0
2460,0.0
2461,27.0
2462,5.0
2463,4.0
2464,9.0
2465,25.0
2466,0.0
2467,25.0
2468,13.0
2469,4.0
2470,2.0
2471,3.0
2472,16.0
2473,7.0
2474,14.0
2475,14.0
2476,20.0
2477,5.0
2478,16.0
2479,12.0
2480,18.0
2481,14.0
2482,9.0
2483,12.0
2484,25.0
2485,3.0
2486,3.0
2487,3.0
2488,13.0
2489,25.0
2490,0.0
2491,1.0
2492,16.0
2493,1.0
2494,18.0
2495,25.0
2496,14.0
2497,14.0
2498,23.0
2499,17.0
2500,0.0
2501,20.0
2502,14.0
2503,22.0
2504,11.0
2505,1.0
2506,26.0
2507,1.0
2508,19.0
2509,5.0
2510,11.0
2511,7.0
2512,1.0
2513,9.0
2514,20.0
2515,6.0
2516,26.0
2517,26.0
2518,22.0
2519,9.0
2520,1.0
2521,11.0
2522,20.0
2523,18.0
2524,3.0
2525,5.0
2526,4.0
2527,1.0
2528,8.0
2529,25.0
2530,7.0
2531,1.0
2532,16.0
2533,16.0
2534,4.0
2535,6.0
2536,17.0
2537,20.0
2538,17.0
2539,22.0
2540,25.0
2541,11.0
2542,23.0
2543,4.0
2544,11.0
2545,10.0
2546,26.0
2547,0.0
2548,3.0
2549,7.0
2550,1.0
2551,21.0
2552,15.0
2553,2.0
2554,7.0
2555,2.0
2556,8.0
2557,18.0
2558,20.0
2559,13.0
2560,20.0
2561,18.0
2562,6.0
2563,23.0
2564,22.0
2565,13.0
2566,22.0
2567,26.0
2568,0.0
2569,14.0
2570,23.0
2571,9.0
2572,10.0
2573,19.0
2574,6.0
2575,18.0
2576,8.0
2577,2.0
2578,5.0
2579,3.0
2580,14.0
2581,17.0
2582,18.0
2583,15.0
2584,0.0
2585,13.0
2586,0.0
2587,5.0
2588,27.0
2589,25.0
2590,5.0
2591,0.0
2592,1.0
2593,18.0
2594,0.0
2595,4.0
2596,16.0
2597,23.0
2598,27.0
2599,16.0
2600,4.0
2601,6.0
2602,10.0
2603,13.0
2604,0.0
2605,9.0
2606,4.0
2607,21.0
2608,15.0
2609,0.0
2610,18.0
2611,20.0
2612,7.0
2613,14.0
2614,27.0
2615,1.0
2616,4.0
2617,20.0
2618,0.0
2619,27.0
2620,22.0
2621,16.0
2622,25.0
2623,15.0
2624,22.0
2625,15.0
2626,27.0
2627,20.0
2628,11.0
2629,3.0
2630,13.0
2631,2.0
2632,6.0
2633,14.0
2634,23.0
2635,20.0
2636,0.0
2637,5.0
2638,14.0
2639,27.0
2640,3.0
2641,26.0
2642,15.0
2643,1.0
2644,0.0
2645,3.0
2646,20.0
2647,18.0
2648,6.0
2649,2.0
2650,11.0
2651,13.0
2652,20.0
2653,3.0
2654,1.0
2655,10.0
2656,0.0
2657,3.0
2658,6.0
2659,20.0
2660,8.0
2661,0.0
2662,0.0
2663,0.0
2664,16.0
2665,20.0
2666,20.0
2667,14.0
2668,5.0
2669,4.0
2670,5.0
2671,11.0
2672,14.0
2673,25.0
2674,7.0
2675,25.0
2676,9.0
2677,4.0
2678,20.0
2679,20.0
2680,17.0
2681,5.0
2682,19.0
2683,20.0
2684,14.0
2685,6.0
2686,5.0
2687,12.0
2688,20.0
2689,14.0
2690,8.0
2691,21.0
2692,14.0
2693,10.0
2694,15.0
2695,14.0
2696,8.0
2697,21.0
2698,10.0
2699,21.0
2700,10.0
2701,15.0
2702,14.0
2703,14.0
2704,4.0
2705,14.0
2706,5.0
2707,6.0
2708,12.0
2709,18.0
2710,14.0
2711,22.0
2712,2.0
2713,26.0
2714,6.0
2715,23.0
2716,25.0
2717,6.0
2718,9.0
2719,8.0
2720,20.0
2721,21.0
2722,23.0
2723,3.0
2724,6.0
2725,9.0
2726,3.0
2727,14.0
2728,15.0
2729,10.0
2730,26.0
2731,16.0
2732,13.0
2733,12.0
2734,11.0
2735,5.0
2736,1.0
2737,14.0
2738,0.0
2739,14.0
2740,21.0
2741,24.0
2742,18.0
2743,4.0
2744,1.0
2745,15.0
2746,10.0
2747,14.0
2748,0.0
2749,3.0
2750,2.0
2751,16.0
2752,4.0
2753,20.0
2754,20.0
2755,3.0
2756,6.0
2757,7.0
2758,4.0
2759,16.0
2760,24.0
2761,2.0
2762,27.0
2763,16.0
2764,20.0
2765,11.0
2766,7.0
2767,5.0
2768,26.0
2769,26.0
2770,22.0
2771,0.0
2772,5.0
2773,23.0
2774,8.0
2775,10.0
2776,26.0
2777,20.0
2778,18.0
2779,15.0
2780,26.0
2781,27.0
2782,5.0
2783,20.0
2784,14.0
2785,20.0
2786,22.0
2787,1.0
2788,21.0
2789,10.0
2790,18.0
2791,20.0
2792,8.0
2793,22.0
2794,20.0
2795,5.0
2796,15.0
2797,9.0
2798,5.0
2799,25.0
2800,8.0
2801,26.0
2802,10.0
2803,26.0
2804,19.0
2805,27.0
2806,5.0
2807,12.0
2808,22.0
2809,2.0
2810,8.0
2811,14.0
2812,1.0
2813,8.0
2814,5.0
2815,0.0
2816,20.0
2817,8.0
2818,8.0
2819,6.0
2820,15.0
2821,14.0
2822,22.0
2823,11.0
2824,7.0
2825,12.0
2826,27.0
2827,24.0
2828,25.0
2829,15.0
2830,11.0
2831,26.0
2832,9.0
2833,18.0
2834,6.0
2835,22.0
2836,12.0
2837,16.0
2838,18.0
2839,14.0
2840,14.0
2841,13.0
2842,22.0
2843,18.0
2844,24.0
2845,0.0
2846,13.0
2847,0.0
2848,20.0
2849,14.0
2850,18.0
2851,14.0
2852,16.0
2853,11.0
2854,20.0
2855,14.0
2856,10.0
2857,14.0
2858,5.0
2859,4.0
2860,25.0
2861,6.0
2862,26.0
2863,14.0
2864,14.0
2865,3.0
2866,24.0
2867,23.0
2868,3.0
2869,25.0
2870,11.0
2871,27.0
2872,20.0
2873,14.0
2874,20.0
2875,26.0
2876,13.0
2877,12.0
2878,3.0
2879,3.0
2880,21.0
2881,3.0
2882,4.0
2883,8.0
2884,6.0
2885,19.0
2886,9.0
2887,14.0
2888,4.0
2889,26.0
2890,10.0
2891,25.0
2892,4.0
2893,14.0
2894,8.0
2895,27.0
2896,14.0
2897,16.0
2898,8.0
2899,14.0
2900,19.0
2901,14.0
2902,0.0
2903,27.0
2904,17.0
2905,27.0
2906,18.0
2907,26.0
2908,7.0
2909,13.0
2910,5.0
2911,3.0
2912,0.0
2913,1.0
2914,10.0
2915,1.0
2916,16.0
2917,20.0
2918,6.0
2919,2.0
2920,8.0
2921,5.0
2922,14.0
2923,14.0
2924,6.0
2925,25.0
2926,8.0
2927,24.0
2928,20.0
2929,9.0
2930,21.0
2931,7.0
2932,9.0
2933,25.0
2934,4.0
2935,18.0
2936,23.0
2937,6.0
2938,19.0
2939,12.0
2940,20.0
2941,19.0
2942,14.0
2943,7.0
2944,18.0
2945,5.0
2946,15.0
2947,5.0
2948,26.0
2949,26.0
2950,19.0
2951,2.0
2952,15.0
2953,23.0
2954,27.0
2955,4.0
2956,24.0
2957,10.0
2958,22.0
2959,8.0
2960,24.0
2961,3.0
2962,10.0
2963,8.0
2964,4.0
2965,2.0
2966,0.0
2967,10.0
2968,24.0
2969,3.0
2970,17.0
2971,24.0
2972,12.0
2973,19.0
2974,13.0
2975,27.0
2976,21.0
2977,20.0
2978,4.0
2979,16.0
2980,8.0
2981,18.0
2982,14.0
2983,11.0
2984,0.0
2985,11.0
2986,7.0
2987,25.0
2988,22.0
2989,3.0
2990,15.0
2991,18.0
2992,11.0
2993,4.0
2994,3.0
2995,2.0
2996,0.0
2997,20.0
2998,20.0
2999,2.0
3000,6.0
3001,16.0
3002,15.0
3003,24.0
3004,14.0
3005,14.0
3006,13.0
3007,0.0
3008,26.0
3009,20.0
3010,19.0
3011,8.0
3012,3.0
3013,25.0
3014,1.0
3015,25.0
3016,4.0
3017,14.0
3018,14.0
3019,23.0
3020,10.0
3021,22.0
3022,25.0
3023,14.0
3024,14.0
3025,13.0
3026,0.0
3027,20.0
3028,6.0
3029,14.0
3030,14.0
3031,20.0
3032,14.0
3033,18.0
3034,20.0
3035,5.0
3036,16.0
3037,3.0
3038,27.0
3039,0.0
3040,0.0
3041,2.0
3042,5.0
3043,19.0
3044,12.0
3045,21.0
3046,6.0
3047,2.0
3048,6.0
3049,21.0
3050,9.0
3051,0.0
3052,25.0
3053,22.0
3054,14.0
3055,27.0
3056,20.0
3057,27.0
3058,17.0
3059,27.0
3060,21.0
3061,3.0
3062,16.0
3063,18.0
3064,8.0
3065,6.0
3066,20.0
3067,5.0
3068,25.0
3069,4.0
3070,20.0
3071,27.0
3072,18.0
3073,26.0
3074,24.0
3075,18.0
3076,24.0
3077,1.0
3078,14.0
3079,21.0
3080,1.0
3081,21.0
3082,21.0
3083,21.0
3084,12.0
3085,5.0
3086,0.0
3087,10.0
3088,7.0
3089,14.0
3090,9.0
3091,20.0
3092,20.0
3093,18.0
3094,18.0
3095,15.0
3096,9.0
3097,16.0
3098,23.0
3099,19.0
3100,7.0
3101,4.0
3102,9.0
3103,8.0
3104,8.0
3105,0.0
3106,18.0
3107,24.0
3108,14.0
3109,4.0
3110,16.0
3111,14.0
3112,6.0
3113,3.0
3114,3.0
3115,18.0
3116,4.0
3117,24.0
3118,1.0
3119,15.0
3120,24.0
3121,14.0
3122,6.0
3123,17.0
3124,6.0
3125,7.0
3126,26.0
3127,17.0
3128,14.0
3129,7.0
3130,8.0
3131,13.0
3132,15.0
3133,0.0
3134,0.0
3135,16.0
3136,9.0
3137,22.0
3138,5.0
3139,10.0
3140,17.0
3141,13.0
3142,27.0
3143,14.0
3144,14.0
3145,14.0
3146,23.0
3147,22.0
3148,4.0
3149,14.0
3150,14.0
3151,18.0
3152,20.0
3153,11.0
3154,17.0
3155,3.0
3156,4.0
3157,16.0
3158,5.0
3159,0.0
3160,7.0
3161,10.0
3162,13.0
3163,20.0
3164,5.0
3165,26.0
3166,7.0
3167,14.0
3168,20.0
3169,20.0
3170,19.0
3171,19.0
3172,0.0
3173,9.0
3174,25.0
3175,4.0
3176,21.0
3177,6.0
3178,5.0
3179,18.0
3180,7.0
3181,9.0
3182,14.0
3183,14.0
3184,18.0
3185,26.0
3186,12.0
3187,26.0
3188,16.0
3189,6.0
3190,19.0
3191,2.0
3192,5.0
3193,14.0
3194,7.0
3195,17.0
3196,8.0
3197,14.0
3198,20.0
3199,0.0
3200,14.0
3201,14.0
3202,11.0
3203,2.0
3204,10.0
3205,11.0
3206,20.0
3207,12.0
3208,27.0
3209,8.0
3210,20.0
3211,12.0
3212,6.0
3213,4.0
3214,20.0
3215,20.0
3216,6.0
3217,5.0
3218,18.0
3219,1.0
3220,7.0
3221,0.0
3222,1.0
3223,16.0
3224,8.0
3225,12.0
3226,2.0
3227,1.0
3228,22.0
3229,16.0
3230,13.0
3231,20.0
3232,14.0
3233,7.0
3234,17.0
3235,16.0
3236,15.0
3237,3.0
3238,4.0
3239,19.0
3240,14.0
3241,14.0
3242,13.0
3243,25.0
3244,4.0
3245,11.0
3246,2.0
3247,20.0
3248,24.0
3249,6.0
3250,20.0
3251,18.0
3252,12.0
3253,0.0
3254,13.0
3255,2.0
3256,16.0
3257,8.0
3258,4.0
3259,3.0
3260,12.0
3261,25.0
3262,0.0
3263,14.0
3264,4.0
3265,4.0
3266,16.0
3267,7.0
3268,23.0
3269,8.0
3270,14.0
3271,23.0
3272,10.0
3273,3.0
3274,3.0
3275,10.0
3276,24.0
3277,2.0
3278,16.0
3279,6.0
3280,17.0
3281,10.0
3282,15.0
3283,13.0
3284,25.0
3285,14.0
3286,6.0
3287,7.0
3288,15.0
3289,7.0
3290,5.0
3291,5.0
3292,6.0
3293,0.0
3294,0.0
3295,0.0
3296,3.0
3297,27.0
3298,20.0
3299,24.0
3300,27.0
3301,0.0
3302,19.0
3303,26.0
3304,27.0
3305,20.0
3306,4.0
3307,14.0
3308,7.0
3309,14.0
3310,20.0
3311,7.0
3312,14.0
3313,24.0
3314,1.0
3315,6.0
3316,26.0
3317,27.0
3318,17.0
3319,2.0
3320,14.0
3321,13.0
3322,21.0
3323,14.0
3324,24.0
3325,19.0
3326,16.0
3327,24.0
3328,6.0
3329,14.0
3330,5.0
3331,22.0
3332,12.0
3333,23.0
3334,5.0
3335,3.0
3336,10.0
3337,24.0
3338,4.0
3339,14.0
3340,4.0
3341,14.0
3342,7.0
3343,22.0
3344,13.0
3345,15.0
3346,1.0
3347,3.0
3348,13.0
3349,22.0
3350,22.0
3351,10.0
3352,11.0
3353,15.0
3354,5.0
3355,26.0
3356,23.0
3357,20.0
3358,14.0
3359,27.0
3360,18.0
3361,7.0
3362,12.0
3363,7.0
3364,11.0
3365,1.0
3366,26.0
3367,16.0
3368,10.0
3369,3.0
3370,13.0
3371,13.0
3372,15.0
3373,8.0
3374,7.0
3375,16.0
3376,19.0
3377,17.0
3378,7.0
3379,7.0
3380,14.0
3381,11.0
3382,6.0
3383,5.0
3384,13.0
3385,11.0
3386,25.0
3387,9.0
3388,2.0
3389,0.0
3390,26.0
3391,25.0
3392,3.0
3393,18.0
3394,4.0
3395,20.0
3396,24.0
3397,8.0
3398,18.0
3399,5.0
3400,15.0
3401,16.0
3402,2.0
3403,8.0
3404,16.0
3405,9.0
3406,26.0
3407,21.0
3408,10.0
3409,4.0
3410,14.0
3411,7.0
3412,7.0
3413,6.0
3414,1.0
3415,12.0
3416,2.0
3417,0.0
3418,2.0
3419,2.0
3420,18.0
3421,11.0
3422,12.0
3423,19.0
3424,10.0
3425,19.0
3426,7.0
3427,14.0
3428,20.0
3429,3.0
3430,8.0
3431,13.0
3432,27.0
3433,7.0
3434,7.0
3435,24.0
3436,7.0
3437,17.0
3438,11.0
3439,10.0
3440,0.0
3441,3.0
3442,20.0
3443,7.0
3444,14.0
3445,7.0
3446,19.0
3447,19.0
3448,7.0
3449,12.0
3450,6.0
3451,24.0
3452,9.0
3453,24.0
3454,7.0
3455,4.0
3456,4.0
3457,3.0
3458,13.0
3459,26.0
3460,14.0
3461,14.0
3462,12.0
3463,23.0
3464,14.0
3465,15.0
3466,20.0
3467,10.0
3468,6.0
3469,2.0
3470,6.0
3471,0.0
3472,26.0
3473,8.0
3474,7.0
3475,21.0
3476,5.0
3477,5.0
3478,5.0
3479,0.0
3480,0.0
3481,18.0
3482,20.0
3483,6.0
3484,11.0
3485,2.0
3486,7.0
3487,23.0
3488,22.0
3489,2.0
3490,4.0
3491,11.0
3492,3.0
3493,3.0
3494,18.0
3495,6.0
3496,14.0
3497,27.0
3498,9.0
3499,15.0
3500,16.0
3501,5.0
3502,5.0
3503,16.0
3504,15.0
3505,17.0
3506,18.0
3507,6.0
3508,9.0
3509,14.0
3510,9.0
3511,19.0
3512,11.0
3513,7.0
3514,2.0
3515,9.0
3516,5.0
3517,12.0
3518,6.0
3519,18.0
3520,7.0
3521,1.0
3522,6.0
3523,3.0
3524,24.0
3525,22.0
3526,0.0
3527,13.0
3528,0.0
3529,18.0
3530,7.0
3531,2.0
3532,23.0
3533,7.0
3534,7.0
3535,6.0
3536,1.0
3537,9.0
3538,9.0
3539,12.0
3540,26.0
3541,0.0
3542,21.0
3543,21.0
3544,18.0
3545,3.0
3546,7.0
3547,10.0
3548,26.0
3549,11.0
3550,6.0
3551,24.0
3552,5.0
3553,14.0
3554,3.0
3555,25.0
3556,27.0
3557,13.0
3558,22.0
3559,11.0
3560,14.0
3561,6.0
3562,0.0
3563,0.0
3564,20.0
3565,7.0
3566,6.0
3567,3.0
3568,5.0
3569,4.0
3570,7.0
3571,12.0
3572,19.0
3573,14.0
3574,6.0
3575,7.0
3576,2.0
3577,13.0
3578,13.0
3579,18.0
3580,4.0
3581,14.0
3582,19.0
3583,15.0
3584,8.0
3585,23.0
3586,5.0
3587,16.0
3588,9.0
3589,4.0
3590,14.0
3591,18.0
3592,4.0
3593,4.0
3594,17.0
3595,7.0
3596,6.0
3597,14.0
3598,14.0
3599,22.0
3600,19.0
3601,19.0
3602,6.0
3603,6.0
3604,18.0
3605,9.0
3606,1.0
3607,21.0
3608,18.0
3609,9.0
3610,18.0
3611,7.0
3612,2.0
3613,15.0
3614,10.0
3615,14.0
3616,13.0
3617,19.0
3618,5.0
3619,18.0
3620,6.0
3621,23.0
3622,2.0
3623,10.0
3624,9.0
3625,15.0
3626,4.0
3627,18.0
3628,21.0
3629,1.0
3630,15.0
3631,16.0
3632,17.0
3633,27.0
3634,9.0
3635,15.0
3636,14.0
3637,3.0
3638,5.0
3639,3.0
3640,2.0
3641,4.0
3642,18.0
3643,22.0
3644,27.0
3645,18.0
3646,12.0
3647,1.0
3648,11.0
3649,23.0
3650,4.0
3651,12.0
3652,26.0
3653,6.0
3654,1.0
3655,26.0
3656,3.0
3657,15.0
3658,15.0
3659,15.0
3660,8.0
3661,14.0
3662,20.0
3663,15.0
3664,26.0
3665,7.0
3666,6.0
3667,20.0
3668,2.0
3669,7.0
3670,18.0
3671,0.0
3672,21.0
3673,21.0
3674,18.0
3675,3.0
3676,14.0
3677,7.0
3678,16.0
3679,7.0
3680,0.0
3681,11.0
3682,27.0
3683,8.0
3684,6.0
3685,27.0
3686,7.0
3687,6.0
3688,5.0
3689,20.0
3690,20.0
3691,18.0
3692,4.0
3693,12.0
3694,3.0
3695,22.0
3696,7.0
3697,18.0
3698,8.0
3699,14.0
3700,6.0
3701,18.0
3702,6.0
3703,5.0
3704,15.0
3705,4.0
3706,7.0
3707,6.0
3708,14.0
3709,22.0
3710,10.0
3711,14.0
3712,6.0
3713,8.0
3714,4.0
3715,27.0
3716,10.0
3717,8.0
3718,10.0
3719,10.0
3720,4.0
3721,19.0
3722,14.0
3723,5.0
3724,12.0
3725,26.0
3726,25.0
3727,10.0
3728,15.0
3729,15.0
3730,2.0
3731,23.0
3732,17.0
3733,13.0
3734,12.0
3735,9.0
3736,0.0
3737,0.0
3738,18.0
3739,19.0
3740,6.0
3741,15.0
3742,8.0
3743,0.0
3744,4.0
3745,18.0
3746,25.0
3747,26.0
3748,23.0
3749,1.0
3750,25.0
3751,1.0
3752,3.0
3753,3.0
3754,3.0
3755,12.0
3756,1.0
3757,7.0
3758,14.0
3759,18.0
3760,3.0
3761,14.0
3762,7.0
3763,18.0
3764,5.0
3765,6.0
3766,8.0
3767,27.0
3768,1.0
3769,9.0
3770,9.0
3771,21.0
3772,7.0
3773,11.0
3774,10.0
3775,19.0
3776,1.0
3777,7.0
3778,13.0
3779,27.0
3780,6.0
3781,3.0
3782,8.0
3783,24.0
3784,22.0
3785,18.0
3786,3.0
3787,4.0
3788,7.0
3789,19.0
3790,4.0
3791,0.0
3792,1.0
3793,2.0
3794,7.0
3795,5.0
3796,7.0
3797,5.0
3798,19.0
3799,18.0
3800,21.0
3801,15.0
3802,10.0
3803,11.0
3804,9.0
3805,16.0
3806,10.0
3807,7.0
3808,18.0
3809,24.0
3810,10.0
3811,11.0
3812,22.0
3813,1.0
3814,4.0
3815,25.0
3816,6.0
3817,6.0
3818,21.0
3819,18.0
3820,10.0
3821,25.0
3822,2.0
3823,3.0
3824,7.0
3825,7.0
3826,8.0
3827,7.0
3828,3.0
3829,3.0
3830,25.0
3831,7.0
3832,8.0
3833,17.0
3834,1.0
3835,16.0
3836,18.0
3837,16.0
3838,1.0
3839,3.0
3840,13.0
3841,16.0
3842,13.0
3843,14.0
3844,7.0
3845,4.0
3846,0.0
3847,25.0
3848,13.0
3849,7.0
3850,2.0
3851,0.0
3852,18.0
3853,5.0
3854,20.0
3855,26.0
3856,1.0
3857,0.0
3858,25.0
3859,13.0
3860,7.0
3861,7.0
3862,6.0
3863,11.0
3864,26.0
3865,18.0
3866,6.0
3867,24.0
3868,11.0
3869,18.0
3870,25.0
3871,11.0
3872,26.0
3873,18.0
3874,27.0
3875,7.0
3876,14.0
3877,14.0
3878,8.0
3879,16.0
3880,6.0
3881,7.0
3882,7.0
3883,0.0
3884,6.0
3885,21.0
3886,12.0
3887,18.0
3888,26.0
3889,10.0
3890,12.0
3891,26.0
3892,0.0
3893,7.0
3894,7.0
3895,9.0
3896,12.0
3897,21.0
3898,7.0
3899,10.0
3900,8.0
3901,12.0
3902,2.0
3903,22.0
3904,26.0
3905,22.0
3906,21.0
3907,10.0
3908,6.0
3909,4.0
3910,1.0
3911,14.0
3912,7.0
3913,15.0
3914,3.0
3915,5.0
3916,8.0
3917,3.0
3918,3.0
3919,25.0
3920,10.0
3921,8.0
3922,23.0
3923,27.0
3924,24.0
3925,3.0
3926,15.0
3927,13.0
3928,13.0
3929,18.0
3930,11.0
3931,6.0
3932,5.0
3933,25.0
3934,15.0
3935,3.0
3936,7.0
3937,3.0
3938,10.0
3939,7.0
3940,14.0
3941,7.0
3942,3.0
3943,25.0
3944,10.0
3945,10.0
3946,8.0
3947,18.0
3948,18.0
3949,18.0
3950,13.0
3951,10.0
3952,11.0
3953,20.0
3954,2.0
3955,16.0
3956,6.0
3957,7.0
3958,14.0
3959,27.0
3960,2.0
3961,7.0
3962,9.0
3963,4.0
3964,24.0
3965,26.0
3966,16.0
3967,0.0
3968,3.0
3969,2.0
3970,25.0
3971,13.0
3972,16.0
3973,14.0
3974,7.0
3975,18.0
3976,26.0
3977,27.0
3978,8.0
3979,1.0
3980,13.0
3981,13.0
3982,16.0
3983,0.0
3984,25.0
3985,25.0
3986,18.0
3987,14.0
3988,7.0
3989,7.0
3990,26.0
3991,25.0
3992,16.0
3993,15.0
3994,18.0
3995,10.0
3996,7.0
3997,12.0
3998,2.0
3999,0.0
4000,10.0
4001,13.0
4002,3.0
4003,4.0
4004,7.0
4005,27.0
4006,7.0
4007,11.0
4008,18.0
4009,14.0
4010,7.0
4011,14.0
4012,20.0
4013,25.0
4014,18.0
4015,2.0
4016,0.0
4017,14.0
4018,13.0
4019,7.0
4020,15.0
4021,6.0
4022,22.0
4023,1.0
4024,14.0
4025,20.0
4026,2.0
4027,26.0
4028,21.0
4029,2.0
4030,3.0
4031,7.0
4032,7.0
4033,18.0
4034,0.0
4035,18.0
4036,21.0
4037,7.0
4038,16.0
4039,5.0
4040,5.0
4041,12.0
4042,0.0
4043,3.0
4044,15.0
4045,15.0
4046,15.0
4047,15.0
4048,27.0
4049,7.0
4050,4.0
4051,21.0
4052,7.0
4053,7.0
4054,5.0
4055,4.0
4056,26.0
4057,0.0
4058,21.0
4059,6.0
4060,8.0
4061,22.0
4062,25.0
4063,15.0
4064,7.0
4065,0.0
4066,2.0
4067,11.0
4068,7.0
4069,27.0
4070,21.0
4071,3.0
4072,3.0
4073,7.0
4074,7.0
4075,23.0
4076,12.0
4077,26.0
4078,4.0
4079,13.0
4080,20.0
4081,6.0
4082,6.0
4083,16.0
4084,1.0
4085,8.0
4086,9.0
4087,2.0
4088,1.0
4089,4.0
4090,7.0
4091,5.0
4092,10.0
4093,26.0
4094,25.0
4095,25.0
4096,10.0
4097,14.0
4098,10.0
4099,1.0
4100,18.0
4101,3.0
4102,1.0
4103,19.0
4104,20.0
4105,8.0
4106,27.0
4107,25.0
4108,18.0
4109,4.0
4110,27.0
4111,7.0
4112,9.0
4113,9.0
4114,18.0
4115,14.0
4116,13.0
4117,8.0
4118,24.0
4119,3.0
4120,22.0
4121,11.0
4122,18.0
4123,10.0
4124,14.0
4125,4.0
4126,17.0
4127,14.0
4128,26.0
4129,15.0
4130,8.0
4131,7.0
4132,22.0
4133,7.0
4134,3.0
4135,22.0
4136,1.0
4137,0.0
4138,3.0
4139,10.0
4140,7.0
4141,6.0
4142,7.0
4143,27.0
4144,22.0
4145,24.0
4146,6.0
4147,19.0
4148,0.0
4149,11.0
4150,6.0
4151,7.0
4152,18.0
4153,3.0
4154,3.0
4155,9.0
4156,5.0
4157,21.0
4158,7.0
4159,0.0
4160,11.0
4161,17.0
4162,12.0
4163,25.0
4164,6.0
4165,11.0
4166,6.0
4167,3.0
4168,24.0
4169,24.0
4170,10.0
4171,7.0
4172,12.0
4173,14.0
4174,7.0
4175,4.0
4176,21.0
4177,21.0
4178,9.0
4179,19.0
4180,8.0
4181,10.0
4182,10.0
4183,6.0
4184,0.0
4185,26.0
4186,15.0
4187,11.0
4188,6.0
4189,9.0
4190,26.0
4191,4.0
4192,12.0
4193,7.0
4194,7.0
4195,5.0
4196,8.0
4197,19.0
4198,26.0
4199,10.0
4200,22.0
4201,14.0
4202,7.0
4203,27.0
4204,12.0
4205,21.0
4206,4.0
4207,7.0
4208,7.0
4209,2.0
4210,10.0
4211,18.0
4212,26.0
4213,26.0
4214,16.0
4215,1.0
4216,27.0
4217,1.0
4218,14.0
4219,15.0
4220,5.0
4221,14.0
4222,12.0
4223,4.0
4224,1.0
4225,2.0
4226,1.0
4227,11.0
4228,15.0
4229,15.0
4230,16.0
4231,14.0
4232,6.0
4233,24.0
4234,7.0
4235,4.0
4236,7.0
4237,7.0
4238,14.0
4239,3.0
4240,15.0
4241,13.0
4242,7.0
4243,25.0
4244,6.0
4245,6.0
4246,3.0
4247,21.0
4248,25.0
4249,25.0
4250,15.0
4251,9.0
4252,7.0
4253,7.0
4254,16.0
4255,5.0
4256,7.0
4257,7.0
4258,17.0
4259,10.0
4260,2.0
4261,8.0
4262,12.0
4263,6.0
4264,7.0
4265,23.0
4266,27.0
4267,2.0
4268,7.0
4269,7.0
4270,27.0
4271,14.0
4272,10.0
4273,15.0
4274,1.0
4275,4.0
4276,7.0
4277,7.0
4278,0.0
4279,25.0
4280,15.0
4281,16.0
4282,15.0
4283,15.0
4284,7.0
4285,18.0
4286,14.0
4287,7.0
4288,4.0
4289,7.0
4290,27.0
4291,7.0
4292,6.0
4293,7.0
4294,11.0
4295,7.0
4296,7.0
4297,6.0
4298,16.0
4299,16.0
4300,7.0
4301,7.0
4302,14.0
4303,7.0
4304,7.0
4305,5.0
4306,8.0
4307,16.0
4308,7.0
4309,26.0
4310,9.0
4311,8.0
4312,5.0
4313,12.0
4314,10.0
4315,5.0
4316,6.0
4317,7.0
4318,19.0
4319,5.0
4320,6.0
4321,7.0
4322,7.0
4323,26.0
4324,26.0
4325,7.0
4326,8.0
4327,21.0
4328,0.0
4329,6.0
4330,12.0
4331,7.0
4332,5.0
4333,14.0
4334,1.0
4335,11.0
4336,14.0
4337,7.0
4338,18.0
4339,10.0
4340,9.0
4341,4.0
4342,7.0
4343,11.0
4344,14.0
4345,4.0
4346,25.0
4347,6.0
4348,16.0
4349,10.0
4350,15.0
4351,3.0
4352,0.0
4353,10.0
4354,11.0
4355,7.0
4356,7.0
4357,5.0
4358,7.0
4359,15.0
4360,15.0
4361,7.0
4362,2.0
4363,0.0
4364,21.0
4365,10.0
4366,22.0
4367,9.0
4368,7.0
4369,14.0
4370,16.0
4371,7.0
4372,4.0
4373,21.0
4374,7.0
4375,8.0
4376,14.0
4377,7.0
4378,7.0
4379,13.0
4380,1.0
4381,27.0
4382,13.0
4383,22.0
4384,27.0
4385,10.0
4386,7.0
4387,4.0
4388,7.0
4389,8.0
4390,27.0
4391,10.0
4392,7.0
4393,7.0
4394,16.0
4395,16.0
4396,4.0
4397,7.0
4398,5.0
4399,27.0
4400,14.0
4401,18.0
4402,24.0
4403,1.0
4404,11.0
4405,11.0
4406,3.0
4407,7.0
4408,10.0
4409,6.0
4410,14.0
4411,7.0
4412,27.0
4413,22.0
4414,26.0
4415,22.0
4416,4.0
4417,16.0
4418,14.0
4419,23.0
4420,27.0
4421,23.0
4422,5.0
4423,12.0
4424,7.0
4425,7.0
4426,27.0
4427,8.0
4428,4.0
4429,10.0
4430,16.0
4431,0.0
4432,3.0
4433,25.0
4434,8.0
4435,12.0
4436,7.0
4437,7.0
4438,6.0
4439,0.0
4440,6.0
4441,12.0
4442,12.0
4443,10.0
4444,20.0
4445,7.0
4446,7.0
4447,0.0
4448,3.0
4449,3.0
4450,15.0
4451,16.0
4452,1.0
4453,13.0
4454,7.0
4455,21.0
4456,16.0
4457,1.0
4458,11.0
4459,17.0
4460,10.0
4461,8.0
4462,3.0
4463,7.0
4464,7.0
4465,1.0
4466,2.0
4467,18.0
4468,6.0
4469,18.0
4470,0.0
4471,15.0
4472,19.0
4473,21.0
4474,14.0
4475,7.0
4476,6.0
4477,27.0
4478,4.0
4479,7.0
4480,5.0
4481,7.0
4482,4.0
4483,22.0
4484,9.0
4485,22.0
4486,3.0
4487,7.0
4488,5.0
4489,27.0
4490,7.0
4491,18.0
4492,22.0
4493,9.0
4494,1.0
4495,8.0
4496,15.0
4497,14.0
4498,10.0
4499,15.0
4500,2.0
4501,4.0
4502,17.0
4503,15.0
4504,14.0
4505,7.0
4506,7.0
4507,7.0
4508,9.0
4509,12.0
4510,13.0
4511,7.0
4512,7.0
4513,8.0
4514,4.0
4515,5.0
4516,11.0
4517,9.0
4518,26.0
4519,10.0
4520,1.0
4521,10.0
4522,13.0
4523,25.0
4524,7.0
4525,17.0
4526,4.0
4527,5.0
4528,0.0
4529,7.0
4530,22.0
4531,0.0
4532,6.0
4533,14.0
4534,8.0
4535,26.0
4536,25.0
4537,1.0
4538,16.0
4539,6.0
4540,26.0
4541,27.0
4542,18.0
4543,14.0
4544,4.0
4545,14.0
4546,21.0
4547,27.0
4548,21.0
4549,7.0
4550,18.0
4551,21.0
4552,11.0
4553,25.0
4554,16.0
4555,6.0
4556,4.0
4557,24.0
4558,0.0
4559,26.0
4560,18.0
4561,13.0
4562,25.0
4563,4.0
4564,13.0
4565,8.0
4566,21.0
4567,19.0
4568,1.0
4569,0.0
4570,10.0
4571,3.0
4572,5.0
4573,1.0
4574,27.0
4575,0.0
4576,12.0
4577,2.0
4578,11.0
4579,13.0
4580,6.0
4581,1.0
4582,21.0
4583,4.0
4584,12.0
4585,4.0
4586,20.0
4587,11.0
4588,25.0
4589,5.0
4590,13.0
4591,22.0
4592,17.0
4593,11.0
4594,27.0
4595,6.0
4596,21.0
4597,17.0
4598,6.0
4599,22.0
4600,25.0
4601,4.0
4602,4.0
4603,18.0
4604,18.0
4605,10.0
4606,3.0
4607,4.0
4608,27.0
4609,1.0
4610,12.0
4611,5.0
4612,22.0
4613,6.0
4614,0.0
4615,4.0
4616,18.0
4617,20.0
4618,5.0
4619,16.0
4620,1.0
4621,0.0
4622,14.0
4623,9.0
4624,9.0
4625,23.0
4626,22.0
4627,18.0
4628,5.0
4629,0.0
4630,0.0
4631,6.0
4632,11.0
4633,14.0
4634,18.0
4635,26.0
4636,3.0
4637,3.0
4638,3.0
4639,3.0
4640,14.0
4641,15.0
4642,4.0
4643,8.0
4644,12.0
4645,9.0
4646,1.0
4647,22.0
4648,1.0
4649,14.0
4650,14.0
4651,15.0
4652,16.0
4653,1.0
4654,22.0
4655,1.0
4656,11.0
4657,1.0
4658,25.0
4659,17.0
4660,7.0
4661,18.0
4662,6.0
4663,10.0
4664,18.0
4665,18.0
4666,1.0
4667,0.0
4668,7.0
4669,12.0
4670,3.0
4671,6.0
4672,18.0
4673,4.0
4674,19.0
4675,22.0
4676,0.0
4677,13.0
4678,9.0
4679,11.0
4680,18.0
4681,0.0
4682,8.0
4683,4.0
4684,12.0
4685,24.0
4686,1.0
4687,4.0
4688,12.0
4689,14.0
4690,9.0
4691,27.0
4692,0.0
4693,0.0
4694,25.0
4695,0.0
4696,16.0
4697,9.0
4698,20.0
4699,17.0
4700,17.0
4701,6.0
4702,18.0
4703,22.0
4704,16.0
4705,7.0
4706,2.0
4707,6.0
4708,1.0
4709,25.0
4710,12.0
4711,21.0
4712,24.0
4713,3.0
4714,3.0
4715,3.0
4716,10.0
4717,18.0
4718,27.0
4719,17.0
4720,20.0
4721,8.0
4722,13.0
4723,2.0
4724,23.0
4725,22.0
4726,21.0
4727,20.0
4728,6.0
4729,20.0
4730,19.0
4731,24.0
4732,1.0
4733,18.0
4734,13.0
4735,4.0
4736,5.0
4737,1.0
4738,6.0
4739,1.0
4740,15.0
4741,20.0
4742,11.0
4743,6.0
4744,18.0
4745,1.0
4746,16.0
4747,2.0
4748,8.0
4749,0.0
4750,2.0
4751,4.0
4752,0.0
4753,18.0
4754,6.0
4755,16.0
4756,27.0
4757,12.0
4758,20.0
4759,17.0
4760,20.0
4761,5.0
4762,16.0
4763,6.0
4764,5.0
4765,23.0
4766,3.0
4767,1.0
4768,3.0
4769,3.0
4770,5.0
4771,12.0
4772,0.0
4773,6.0
4774,3.0
4775,6.0
4776,18.0
4777,3.0
4778,14.0
4779,0.0
4780,5.0
4781,26.0
4782,20.0
4783,26.0
4784,4.0
4785,1.0
4786,17.0
4787,12.0
4788,12.0
4789,23.0
4790,13.0
4791,26.0
4792,5.0
4793,21.0
4794,18.0
4795,23.0
4796,18.0
4797,16.0
4798,25.0
4799,2.0
4800,9.0
4801,2.0
4802,27.0
4803,6.0
4804,12.0
4805,12.0
4806,4.0
4807,25.0
4808,6.0
4809,2.0
4810,0.0
4811,15.0
4812,20.0
4813,18.0
4814,3.0
4815,4.0
4816,3.0
4817,25.0
4818,0.0
4819,9.0
4820,27.0
4821,17.0
4822,7.0
4823,12.0
4824,2.0
4825,4.0
4826,4.0
4827,22.0
4828,7.0
4829,11.0
4830,13.0
4831,0.0
4832,26.0
4833,23.0
4834,16.0
4835,17.0
4836,22.0
4837,27.0
4838,0.0
4839,2.0
4840,23.0
4841,17.0
4842,2.0
4843,5.0
4844,6.0
4845,10.0
4846,17.0
4847,23.0
4848,12.0
4849,0.0
4850,6.0
4851,1.0
4852,19.0
4853,19.0
4854,1.0
4855,7.0
4856,3.0
4857,3.0
4858,22.0
4859,1.0
4860,23.0
4861,16.0
4862,9.0
4863,4.0
4864,5.0
4865,17.0
4866,24.0
4867,4.0
4868,5.0
4869,3.0
4870,25.0
4871,21.0
4872,3.0
4873,0.0
4874,1.0
4875,1.0
4876,8.0
4877,6.0
4878,2.0
4879,7.0
4880,7.0
4881,14.0
4882,1.0
4883,24.0
4884,14.0
4885,11.0
4886,15.0
4887,13.0
4888,19.0
4889,2.0
4890,3.0
4891,27.0
4892,7.0
4893,26.0
4894,9.0
4895,25.0
4896,10.0
4897,0.0
4898,23.0
4899,20.0
4900,6.0
4901,5.0
4902,8.0
4903,14.0
4904,8.0
4905,8.0
4906,26.0
4907,4.0
4908,17.0
4909,18.0
4910,23.0
4911,16.0
4912,11.0
4913,3.0
4914,0.0
4915,3.0
4916,26.0
4917,18.0
4918,12.0
4919,6.0
4920,4.0
4921,4.0
4922,24.0
4923,7.0
4924,0.0
4925,2.0
4926,12.0
4927,22.0
4928,18.0
4929,25.0
4930,6.0
4931,10.0
4932,3.0
4933,10.0
4934,10.0
4935,22.0
4936,3.0
4937,18.0
4938,21.0
4939,1.0
4940,1.0
4941,24.0
4942,6.0
4943,4.0
4944,3.0
4945,27.0
4946,15.0
4947,18.0
4948,18.0
4949,4.0
4950,24.0
4951,3.0
4952,22.0
4953,3.0
4954,9.0
4955,10.0
4956,21.0
4957,12.0
4958,23.0
4959,5.0
4960,25.0
4961,17.0
4962,17.0
4963,5.0
4964,14.0
4965,27.0
4966,1.0
4967,4.0
4968,3.0
4969,5.0
4970,9.0
4971,16.0
4972,13.0
4973,22.0
4974,0.0
4975,12.0
4976,6.0
4977,10.0
4978,23.0
4979,27.0
4980,5.0
4981,23.0
4982,6.0
4983,12.0
4984,14.0
4985,4.0
4986,18.0
4987,1.0
4988,15.0
4989,15.0
4990,19.0
4991,15.0
4992,20.0
4993,2.0
4994,2.0
4995,17.0
4996,23.0
4997,6.0
4998,12.0
4999,25.0
5000,5.0
5001,6.0
5002,12.0
5003,11.0
5004,7.0
5005,7.0
5006,24.0
5007,21.0
5008,14.0
5009,19.0
5010,2.0
5011,23.0
5012,4.0
5013,14.0
5014,14.0
5015,17.0
5016,26.0
5017,0.0
5018,6.0
5019,12.0
5020,1.0
5021,14.0
5022,20.0
5023,26.0
5024,21.0
5025,7.0
5026,9.0
5027,7.0
5028,17.0
5029,12.0
5030,4.0
5031,6.0
5032,19.0
5033,3.0
5034,1.0
5035,17.0
5036,17.0
5037,16.0
5038,26.0
5039,6.0
5040,2.0
5041,25.0
5042,10.0
5043,25.0
5044,4.0
5045,24.0
5046,0.0
5047,23.0
5048,18.0
5049,16.0
5050,27.0
5051,7.0
5052,8.0
5053,12.0
5054,4.0
5055,5.0
5056,11.0
5057,4.0
5058,15.0
5059,6.0
5060,6.0
5061,1.0
5062,3.0
5063,3.0
5064,22.0
5065,9.0
5066,11.0
5067,6.0
5068,1.0
5069,18.0
5070,18.0
5071,14.0
5072,1.0
5073,11.0
5074,4.0
5075,24.0
5076,6.0
5077,0.0
5078,0.0
5079,10.0
5080,0.0
5081,8.0
5082,23.0
5083,5.0
5084,17.0
5085,21.0
5086,23.0
5087,7.0
5088,19.0
5089,13.0
5090,4.0
5091,27.0
5092,16.0
5093,20.0
5094,12.0
5095,9.0
5096,14.0
5097,20.0
5098,17.0
5099,8.0
5100,5.0
5101,5.0
5102,10.0
5103,3.0
5104,19.0
5105,20.0
5106,17.0
5107,26.0
5108,17.0
5109,9.0
5110,19.0
5111,10.0
5112,27.0
5113,21.0
5114,15.0
5115,15.0
5116,6.0
5117,8.0
5118,17.0
5119,18.0
5120,1.0
5121,27.0
5122,24.0
5123,0.0
5124,0.0
5125,6.0
5126,23.0
5127,16.0
5128,27.0
5129,0.0
5130,23.0
5131,5.0
5132,19.0
5133,20.0
5134,20.0
5135,18.0
5136,7.0
5137,6.0
5138,5.0
5139,1.0
5140,26.0
5141,0.0
5142,3.0
5143,19.0
5144,12.0
5145,18.0
5146,6.0
5147,18.0
5148,8.0
5149,18.0
5150,22.0
5151,19.0
5152,13.0
5153,18.0
5154,27.0
5155,4.0
5156,10.0
5157,15.0
5158,13.0
5159,10.0
5160,9.0
5161,25.0
5162,6.0
5163,17.0
5164,23.0
5165,14.0
5166,8.0
5167,18.0
5168,12.0
5169,23.0
5170,2.0
5171,8.0
5172,16.0
5173,1.0
5174,0.0
5175,3.0
5176,17.0
5177,16.0
5178,27.0
5179,12.0
5180,6.0
5181,23.0
5182,12.0
5183,6.0
5184,24.0
5185,8.0
5186,0.0
5187,6.0
5188,15.0
5189,5.0
5190,10.0
5191,24.0
5192,1.0
5193,2.0
5194,16.0
5195,3.0
5196,7.0
5197,20.0
5198,12.0
5199,4.0
5200,19.0
5201,8.0
5202,5.0
5203,18.0
5204,5.0
5205,10.0
5206,20.0
5207,18.0
5208,2.0
5209,5.0
5210,18.0
5211,19.0
5212,23.0
5213,5.0
5214,5.0
5215,5.0
5216,0.0
5217,9.0
5218,3.0
5219,25.0
5220,9.0
5221,13.0
5222,6.0
5223,4.0
5224,25.0
5225,17.0
5226,18.0
5227,23.0
5228,22.0
5229,23.0
5230,6.0
5231,20.0
5232,5.0
5233,17.0
5234,5.0
5235,26.0
5236,26.0
5237,25.0
5238,18.0
5239,2.0
5240,15.0
5241,5.0
5242,17.0
5243,23.0
5244,12.0
5245,1.0
5246,9.0
5247,6.0
5248,4.0
5249,6.0
5250,18.0
5251,19.0
5252,0.0
5253,18.0
5254,3.0
5255,0.0
5256,23.0
5257,15.0
5258,3.0
5259,5.0
5260,10.0
5261,8.0
5262,3.0
5263,4.0
5264,5.0
5265,5.0
5266,3.0
5267,15.0
5268,21.0
5269,22.0
5270,16.0
5271,0.0
5272,16.0
5273,8.0
5274,3.0
5275,6.0
5276,23.0
5277,2.0
5278,22.0
5279,6.0
5280,18.0
5281,6.0
5282,25.0
5283,0.0
5284,7.0
5285,0.0
5286,22.0
5287,22.0
5288,16.0
5289,23.0
5290,2.0
5291,23.0
5292,2.0
5293,22.0
5294,16.0
5295,12.0
5296,26.0
5297,4.0
5298,18.0
5299,6.0
5300,26.0
5301,3.0
5302,6.0
5303,15.0
5304,15.0
5305,12.0
5306,20.0
5307,17.0
5308,10.0
5309,11.0
5310,19.0
5311,8.0
5312,18.0
5313,13.0
5314,12.0
5315,26.0
5316,3.0
5317,3.0
5318,22.0
5319,22.0
5320,19.0
5321,19.0
5322,24.0
5323,19.0
5324,18.0
5325,22.0
5326,22.0
5327,18.0
5328,2.0
5329,22.0
5330,26.0
5331,18.0
5332,19.0
5333,2.0
5334,4.0
5335,3.0
5336,22.0
5337,3.0
5338,18.0
5339,18.0
5340,12.0
5341,14.0
5342,24.0
5343,7.0
5344,5.0
5345,23.0
5346,8.0
5347,26.0
5348,24.0
5349,17.0
5350,4.0
5351,16.0
5352,15.0
5353,17.0
5354,2.0
5355,23.0
5356,4.0
5357,6.0
5358,18.0
5359,23.0
5360,21.0
5361,0.0
5362,21.0
5363,5.0
5364,9.0
5365,5.0
5366,10.0
5367,4.0
5368,11.0
5369,18.0
5370,17.0
5371,25.0
5372,24.0
5373,9.0
5374,14.0
5375,16.0
5376,22.0
5377,21.0
5378,10.0
5379,18.0
5380,15.0
5381,26.0
5382,2.0
5383,16.0
5384,10.0
5385,4.0
5386,13.0
5387,18.0
5388,7.0
5389,27.0
5390,0.0
5391,22.0
5392,2.0
5393,22.0
5394,23.0
5395,9.0
5396,1.0
5397,1.0
5398,12.0
5399,16.0
5400,18.0
5401,10.0
5402,24.0
5403,25.0
5404,8.0
5405,7.0
5406,6.0
5407,25.0
5408,22.0
5409,14.0
5410,13.0
5411,10.0
5412,4.0
5413,10.0
5414,2.0
5415,14.0
5416,14.0
5417,12.0
5418,2.0
5419,24.0
5420,16.0
5421,1.0
5422,13.0
5423,2.0
5424,2.0
5425,2.0
5426,23.0
5427,1.0
5428,19.0
5429,11.0
5430,15.0
5431,6.0
5432,12.0
5433,13.0
5434,0.0
5435,19.0
5436,18.0
5437,16.0
5438,0.0
5439,0.0
5440,0.0
5441,22.0
5442,0.0
5443,19.0
5444,17.0
5445,24.0
5446,6.0
5447,14.0
5448,3.0
5449,26.0
5450,5.0
5451,18.0
5452,22.0
5453,27.0
5454,6.0
5455,25.0
5456,1.0
5457,3.0
5458,22.0
5459,3.0
5460,17.0
5461,21.0
5462,6.0
5463,7.0
5464,7.0
5465,0.0
5466,5.0
5467,11.0
5468,22.0
5469,5.0
5470,22.0
5471,4.0
5472,9.0
5473,17.0
5474,7.0
5475,17.0
5476,17.0
5477,17.0
5478,21.0
5479,24.0
5480,18.0
5481,27.0
5482,0.0
5483,22.0
5484,19.0
5485,25.0
5486,4.0
5487,21.0
5488,11.0
5489,15.0
5490,25.0
5491,19.0
5492,26.0
5493,3.0
5494,25.0
5495,19.0
5496,18.0
5497,4.0
5498,27.0
5499,0.0
5500,7.0
5501,9.0
5502,9.0
5503,8.0
5504,16.0
5505,12.0
5506,2.0
5507,13.0
5508,14.0
5509,2.0
5510,16.0
5511,26.0
5512,5.0
5513,23.0
5514,24.0
5515,0.0
5516,0.0
5517,25.0
5518,7.0
5519,0.0
5520,3.0
5521,6.0
5522,9.0
5523,14.0
5524,2.0
5525,21.0
5526,16.0
5527,12.0
5528,1.0
5529,10.0
5530,8.0
5531,6.0
5532,21.0
5533,22.0
5534,0.0
5535,1.0
5536,10.0
5537,1.0
5538,15.0
5539,2.0
5540,23.0
5541,16.0
5542,2.0
5543,17.0
5544,2.0
5545,6.0
5546,6.0
5547,19.0
5548,13.0
5549,15.0
5550,16.0
5551,3.0
5552,3.0
5553,18.0
5554,6.0
5555,14.0
5556,3.0
5557,23.0
5558,4.0
5559,15.0
5560,7.0
5561,11.0
5562,9.0
5563,26.0
5564,13.0
5565,22.0
5566,13.0
5567,19.0
5568,19.0
5569,7.0
5570,11.0
5571,5.0
5572,21.0
5573,5.0
5574,6.0
5575,14.0
5576,24.0
5577,19.0
5578,5.0
5579,27.0
5580,21.0
5581,0.0
5582,0.0
5583,0.0
5584,0.0
5585,16.0
5586,0.0
5587,17.0
5588,0.0
5589,14.0
5590,10.0
5591,6.0
5592,10.0
5593,18.0
5594,3.0
5595,13.0
5596,0.0
5597,18.0
5598,1.0
5599,0.0
5600,22.0
5601,19.0
5602,20.0
5603,1.0
5604,23.0
5605,10.0
5606,10.0
5607,4.0
5608,3.0
5609,1.0
5610,17.0
5611,18.0
5612,25.0
5613,18.0
5614,7.0
5615,22.0
5616,19.0
5617,18.0
5618,18.0
5619,20.0
5620,11.0
5621,11.0
5622,2.0
5623,22.0
5624,24.0
5625,17.0
5626,19.0
5627,18.0
5628,6.0
5629,15.0
5630,3.0
5631,15.0
5632,3.0
5633,14.0
5634,13.0
5635,26.0
5636,8.0
5637,8.0
5638,6.0
5639,21.0
5640,6.0
5641,25.0
5642,7.0
5643,5.0
5644,12.0
5645,6.0
5646,25.0
5647,18.0
5648,27.0
5649,2.0
5650,16.0
5651,19.0
5652,24.0
5653,12.0
5654,21.0
5655,27.0
5656,0.0
5657,6.0
5658,6.0
5659,16.0
5660,7.0
5661,0.0
5662,19.0
5663,23.0
5664,2.0
5665,26.0
5666,24.0
5667,20.0
5668,3.0
5669,6.0
5670,12.0
5671,24.0
5672,26.0
5673,7.0
5674,8.0
5675,25.0
5676,15.0
5677,16.0
5678,4.0
5679,17.0
5680,4.0
5681,17.0
5682,23.0
5683,4.0
5684,5.0
5685,19.0
5686,2.0
5687,16.0
5688,24.0
5689,19.0
5690,0.0
5691,21.0
5692,26.0
5693,6.0
5694,23.0
5695,5.0
5696,26.0
5697,2.0
5698,23.0
5699,21.0
5700,15.0
5701,23.0
5702,27.0
5703,0.0
5704,0.0
5705,7.0
5706,25.0
5707,22.0
5708,3.0
5709,18.0
5710,8.0
5711,20.0
5712,4.0
5713,5.0
5714,23.0
5715,17.0
5716,20.0
5717,14.0
5718,10.0
5719,16.0
5720,19.0
5721,26.0
5722,6.0
5723,9.0
5724,0.0
5725,15.0
5726,2.0
5727,9.0
5728,22.0
5729,15.0
5730,14.0
5731,11.0
5732,2.0
5733,9.0
5734,23.0
5735,21.0
5736,13.0
5737,3.0
5738,4.0
5739,21.0
5740,3.0
5741,6.0
5742,21.0
5743,24.0
5744,2.0
5745,2.0
5746,23.0
5747,2.0
5748,7.0
5749,23.0
5750,21.0
5751,8.0
5752,4.0
5753,25.0
5754,8.0
5755,6.0
5756,19.0
5757,3.0
5758,22.0
5759,21.0
5760,6.0
5761,19.0
5762,17.0
5763,0.0
5764,6.0
5765,15.0
5766,18.0
5767,6.0
5768,6.0
5769,16.0
5770,9.0
5771,0.0
5772,9.0
5773,6.0
5774,20.0
5775,19.0
5776,10.0
5777,4.0
5778,23.0
5779,12.0
5780,25.0
5781,10.0
5782,19.0
5783,12.0
5784,3.0
5785,13.0
5786,23.0
5787,23.0
5788,26.0
5789,16.0
5790,24.0
5791,23.0
5792,11.0
5793,4.0
5794,2.0
5795,22.0
5796,2.0
5797,26.0
5798,26.0
5799,18.0
5800,22.0
5801,3.0
5802,22.0
5803,22.0
5804,15.0
5805,23.0
5806,4.0
5807,6.0
5808,23.0
5809,1.0
5810,24.0
5811,15.0
5812,13.0
5813,20.0
5814,2.0
5815,16.0
5816,4.0
5817,11.0
5818,0.0
5819,10.0
5820,15.0
5821,3.0
5822,0.0
5823,8.0
5824,26.0
5825,17.0
5826,2.0
5827,18.0
5828,23.0
5829,21.0
5830,24.0
5831,19.0
5832,5.0
5833,3.0
5834,21.0
5835,26.0
5836,17.0
5837,16.0
5838,5.0
5839,2.0
5840,22.0
5841,26.0
5842,6.0
5843,21.0
5844,10.0
5845,23.0
5846,17.0
5847,15.0
5848,4.0
5849,15.0
5850,25.0
5851,18.0
5852,21.0
5853,23.0
5854,13.0
5855,11.0
5856,21.0
5857,12.0
5858,17.0
5859,13.0
5860,17.0
5861,23.0
5862,1.0
5863,0.0
5864,1.0
5865,11.0
5866,3.0
5867,0.0
5868,3.0
5869,22.0
5870,20.0
5871,2.0
5872,0.0
5873,5.0
5874,17.0
5875,5.0
5876,17.0
5877,8.0
5878,0.0
5879,10.0
5880,0.0
5881,21.0
5882,5.0
5883,25.0
5884,25.0
5885,5.0
5886,2.0
5887,4.0
5888,23.0
5889,20.0
5890,12.0
5891,15.0
5892,25.0
5893,6.0
5894,5.0
5895,9.0
5896,15.0
5897,17.0
5898,5.0
5899,1.0
5900,25.0
5901,6.0
5902,24.0
5903,23.0
5904,12.0
5905,24.0
5906,5.0
5907,23.0
5908,5.0
5909,11.0
5910,6.0
5911,3.0
5912,0.0
5913,25.0
5914,1.0
5915,1.0
5916,10.0
5917,23.0
5918,1.0
5919,23.0
5920,23.0
5921,15.0
5922,12.0
5923,6.0
5924,6.0
5925,18.0
5926,21.0
5927,6.0
5928,0.0
5929,25.0
5930,13.0
5931,2.0
5932,0.0
5933,10.0
5934,22.0
5935,3.0
5936,3.0
5937,18.0
5938,2.0
5939,5.0
5940,23.0
5941,5.0
5942,20.0
5943,15.0
5944,20.0
5945,23.0
5946,21.0
5947,0.0
5948,15.0
5949,13.0
5950,0.0
5951,3.0
5952,0.0
5953,0.0
5954,13.0
5955,21.0
5956,26.0
5957,2.0
5958,0.0
5959,17.0
5960,8.0
5961,23.0
5962,27.0
5963,6.0
5964,24.0
5965,23.0
5966,22.0
5967,1.0
5968,11.0
5969,21.0
5970,16.0
5971,4.0
5972,12.0
5973,7.0
5974,21.0
5975,16.0
5976,16.0
5977,23.0
5978,0.0
5979,11.0
5980,4.0
5981,22.0
5982,0.0
5983,0.0
5984,3.0
5985,21.0
5986,2.0
5987,9.0
5988,6.0
5989,21.0
5990,16.0
5991,6.0
5992,23.0
5993,6.0
5994,22.0
5995,17.0
5996,0.0
5997,14.0
5998,10.0
5999,19.0
6000,3.0
6001,8.0
6002,2.0
6003,21.0
6004,4.0
6005,24.0
6006,5.0
6007,21.0
6008,17.0
6009,1.0
6010,5.0
6011,0.0
6012,10.0
6013,6.0
6014,25.0
6015,17.0
6016,8.0
6017,20.0
6018,12.0
6019,20.0
6020,22.0
6021,6.0
6022,9.0
6023,12.0
6024,5.0
6025,4.0
6026,10.0
6027,26.0
6028,10.0
6029,25.0
6030,17.0
6031,20.0
6032,24.0
6033,27.0
6034,5.0
6035,8.0
6036,5.0
6037,23.0
6038,5.0
6039,2.0
6040,16.0
6041,6.0
6042,12.0
6043,22.0
6044,3.0
6045,1.0
6046,27.0
6047,0.0
6048,21.0
6049,18.0
6050,15.0
6051,17.0
6052,23.0
6053,2.0
6054,9.0
6055,1.0
6056,12.0
6057,1.0
6058,12.0
6059,5.0
6060,15.0
6061,9.0
6062,18.0
6063,6.0
6064,22.0
6065,10.0
6066,0.0
6067,14.0
6068,6.0
6069,9.0
6070,8.0
6071,19.0
6072,6.0
6073,3.0
6074,9.0
6075,10.0
6076,17.0
6077,26.0
6078,2.0
6079,21.0
6080,0.0
6081,20.0
6082,16.0
6083,17.0
6084,20.0
6085,13.0
6086,12.0
6087,16.0
6088,25.0
6089,3.0
6090,19.0
6091,10.0
6092,25.0
6093,27.0
6094,3.0
6095,0.0
6096,23.0
6097,20.0
6098,6.0
6099,5.0
6100,16.0
6101,1.0
6102,7.0
6103,6.0
6104,0.0
6105,1.0
6106,3.0
6107,3.0
6108,0.0
6109,22.0
6110,8.0
6111,27.0
6112,23.0
6113,11.0
6114,0.0
6115,2.0
6116,21.0
6117,15.0
6118,21.0
6119,2.0
6120,23.0
6121,27.0
6122,21.0
6123,26.0
6124,9.0
6125,26.0
6126,3.0
6127,5.0
6128,5.0
6129,6.0
6130,21.0
6131,14.0
6132,22.0
6133,17.0
6134,20.0
6135,1.0
6136,5.0
6137,5.0
6138,0.0
6139,2.0
6140,1.0
6141,10.0
6142,6.0
6143,2.0
6144,20.0
6145,0.0
6146,17.0
6147,12.0
6148,11.0
6149,24.0
6150,0.0
6151,13.0
6152,19.0
6153,22.0
6154,13.0
6155,10.0
6156,13.0
6157,10.0
6158,10.0
6159,8.0
6160,24.0
6161,23.0
6162,2.0
6163,5.0
6164,12.0
6165,9.0
6166,5.0
6167,2.0
6168,5.0
6169,22.0
6170,15.0
6171,2.0
6172,0.0
6173,23.0
6174,21.0
6175,17.0
6176,2.0
6177,11.0
6178,9.0
6179,12.0
6180,24.0
6181,10.0
6182,2.0
6183,3.0
6184,11.0
6185,25.0
6186,25.0
6187,25.0
6188,0.0
6189,2.0
6190,23.0
6191,19.0
6192,13.0
6193,18.0
6194,15.0
6195,1.0
6196,22.0
6197,23.0
6198,8.0
6199,6.0
6200,5.0
6201,15.0
6202,0.0
6203,19.0
6204,0.0
6205,1.0
6206,12.0
6207,11.0
6208,13.0
6209,23.0
6210,6.0
6211,21.0
6212,6.0
6213,13.0
6214,12.0
6215,10.0
6216,3.0
6217,0.0
6218,10.0
6219,16.0
6220,5.0
6221,3.0
6222,2.0
6223,13.0
6224,2.0
6225,22.0
6226,14.0
6227,1.0
6228,6.0
6229,26.0
6230,4.0
6231,3.0
6232,9.0
6233,21.0
6234,18.0
6235,0.0
6236,23.0
6237,2.0
6238,21.0
6239,14.0
6240,6.0
6241,20.0
6242,25.0
6243,16.0
6244,22.0
6245,22.0
6246,13.0
6247,9.0
6248,15.0
6249,0.0
6250,4.0
6251,22.0
6252,8.0
6253,22.0
6254,17.0
6255,5.0
6256,0.0
6257,10.0
6258,1.0
6259,12.0
6260,1.0
6261,3.0
6262,25.0
6263,16.0
6264,15.0
6265,15.0
6266,13.0
6267,5.0
6268,0.0
6269,19.0
6270,4.0
6271,16.0
6272,12.0
6273,24.0
6274,12.0
6275,17.0
6276,23.0
6277,9.0
6278,19.0
6279,2.0
6280,15.0
6281,21.0
6282,20.0
6283,0.0
6284,10.0
6285,18.0
6286,6.0
6287,4.0
6288,15.0
6289,3.0
6290,18.0
6291,6.0
6292,12.0
6293,5.0
6294,10.0
6295,18.0
6296,19.0
6297,19.0
6298,5.0
6299,13.0
6300,21.0
6301,23.0
6302,2.0
6303,23.0
6304,18.0
6305,2.0
6306,13.0
6307,25.0
6308,22.0
6309,8.0
6310,17.0
6311,9.0
6312,11.0
6313,8.0
6314,11.0
6315,10.0
6316,23.0
6317,14.0
6318,20.0
6319,16.0
6320,21.0
6321,8.0
6322,1.0
6323,0.0
6324,22.0
6325,9.0
6326,18.0
6327,7.0
6328,9.0
6329,27.0
6330,22.0
6331,0.0
6332,10.0
6333,18.0
6334,26.0
6335,21.0
6336,5.0
6337,8.0
6338,17.0
6339,0.0
6340,9.0
6341,23.0
6342,8.0
6343,2.0
6344,26.0
6345,14.0
6346,18.0
6347,13.0
6348,0.0
6349,19.0
6350,11.0
6351,15.0
6352,9.0
6353,14.0
6354,1.0
6355,22.0
6356,22.0
6357,10.0
6358,0.0
6359,12.0
6360,20.0
6361,12.0
6362,8.0
6363,6.0
6364,17.0
6365,6.0
6366,5.0
6367,5.0
6368,13.0
6369,3.0
6370,5.0
6371,25.0
6372,16.0
6373,22.0
6374,1.0
6375,10.0
6376,6.0
6377,1.0
6378,11.0
6379,14.0
6380,4.0
6381,25.0
6382,1.0
6383,22.0
6384,13.0
6385,21.0
6386,24.0
6387,23.0
6388,7.0
6389,25.0
6390,0.0
6391,23.0
6392,26.0
6393,9.0
6394,22.0
6395,23.0
6396,9.0
6397,0.0
6398,26.0
6399,19.0
6400,4.0
6401,1.0
6402,6.0
6403,16.0
6404,13.0
6405,22.0
6406,12.0
6407,8.0
6408,0.0
6409,8.0
6410,23.0
6411,21.0
6412,17.0
6413,23.0
6414,12.0
6415,2.0
6416,1.0
6417,9.0
6418,4.0
6419,6.0
6420,17.0
6421,8.0
6422,11.0
6423,24.0
6424,13.0
6425,3.0
6426,9.0
6427,11.0
6428,24.0
6429,25.0
6430,19.0
6431,16.0
6432,13.0
6433,11.0
6434,0.0
6435,22.0
6436,10.0
6437,1.0
6438,15.0
6439,26.0
6440,12.0
6441,3.0
6442,21.0
6443,8.0
6444,6.0
6445,7.0
6446,24.0
6447,0.0
6448,1.0
6449,26.0
6450,16.0
6451,0.0
6452,19.0
6453,19.0
6454,16.0
6455,0.0
6456,18.0
6457,13.0
6458,19.0
6459,20.0
6460,24.0
6461,5.0
6462,16.0
6463,4.0
6464,20.0
6465,2.0
6466,6.0
6467,5.0
6468,26.0
6469,19.0
6470,19.0
6471,24.0
6472,17.0
6473,12.0
6474,6.0
6475,15.0
6476,26.0
6477,15.0
6478,8.0
6479,0.0
6480,3.0
6481,11.0
6482,9.0
6483,16.0
6484,11.0
6485,6.0
6486,10.0
6487,19.0
6488,16.0
6489,20.0
6490,3.0
6491,18.0
6492,4.0
6493,6.0
6494,14.0
6495,9.0
6496,15.0
6497,10.0
6498,4.0
6499,0.0
6500,23.0
6501,10.0
6502,0.0
6503,25.0
6504,0.0
6505,23.0
6506,0.0
6507,8.0
6508,6.0
6509,5.0
6510,8.0
6511,22.0
6512,19.0
6513,6.0
6514,15.0
6515,14.0
6516,17.0
6517,2.0
6518,19.0
6519,15.0
6520,25.0
6521,23.0
6522,2.0
6523,16.0
6524,5.0
6525,21.0
6526,3.0
6527,23.0
6528,0.0
6529,17.0
6530,0.0
6531,25.0
6532,3.0
6533,18.0
6534,25.0
6535,11.0
6536,1.0
6537,10.0
6538,1.0
6539,17.0
6540,6.0
6541,25.0
6542,21.0
6543,3.0
6544,17.0
6545,15.0
6546,9.0
6547,25.0
6548,0.0
6549,2.0
6550,7.0
6551,0.0
6552,11.0
6553,10.0
6554,21.0
6555,26.0
6556,20.0
6557,17.0
6558,15.0
6559,0.0
6560,3.0
6561,26.0
6562,1.0
6563,8.0
6564,19.0
6565,4.0
6566,6.0
6567,12.0
6568,6.0
6569,8.0
6570,22.0
6571,16.0
6572,23.0
6573,15.0
6574,5.0
6575,11.0
6576,0.0
6577,15.0
6578,3.0
6579,26.0
6580,3.0
6581,13.0
6582,3.0
6583,22.0
6584,6.0
6585,8.0
6586,15.0
6587,7.0
6588,8.0
6589,22.0
6590,21.0
6591,12.0
6592,13.0
6593,21.0
6594,15.0
6595,3.0
6596,1.0
6597,7.0
6598,15.0
6599,24.0
6600,14.0
6601,23.0
6602,23.0
6603,0.0
6604,3.0
6605,13.0
6606,9.0
6607,10.0
6608,17.0
6609,10.0
6610,7.0
6611,24.0
6612,3.0
6613,0.0
6614,1.0
6615,23.0
6616,9.0
6617,25.0
6618,5.0
6619,27.0
6620,10.0
6621,5.0
6622,0.0
6623,19.0
6624,3.0
6625,18.0
6626,6.0
6627,9.0
6628,23.0
6629,10.0
6630,3.0
6631,23.0
6632,25.0
6633,16.0
6634,25.0
6635,6.0
6636,25.0
6637,0.0
6638,15.0
6639,6.0
6640,22.0
6641,3.0
6642,20.0
6643,8.0
6644,18.0
6645,10.0
6646,5.0
6647,5.0
6648,14.0
6649,12.0
6650,22.0
6651,3.0
6652,25.0
6653,22.0
6654,10.0
6655,2.0
6656,18.0
6657,24.0
6658,3.0
6659,3.0
6660,3.0
6661,8.0
6662,25.0
6663,0.0
6664,18.0
6665,2.0
6666,5.0
6667,16.0
6668,10.0
6669,8.0
6670,4.0
6671,5.0
6672,13.0
6673,16.0
6674,8.0
6675,5.0
6676,19.0
6677,3.0
6678,9.0
6679,22.0
6680,12.0
6681,1.0
6682,8.0
6683,10.0
6684,18.0
6685,23.0
6686,22.0
6687,4.0
6688,4.0
6689,21.0
6690,21.0
6691,6.0
6692,3.0
6693,9.0
6694,21.0
6695,13.0
6696,0.0
6697,3.0
6698,6.0
6699,8.0
6700,1.0
6701,25.0
6702,24.0
6703,2.0
6704,9.0
6705,24.0
6706,15.0
6707,21.0
6708,12.0
6709,24.0
6710,11.0
6711,2.0
6712,3.0
6713,17.0
6714,24.0
6715,0.0
6716,23.0
6717,23.0
6718,6.0
6719,8.0
6720,26.0
6721,17.0
6722,8.0
6723,10.0
6724,7.0
6725,5.0
6726,13.0
6727,10.0
6728,14.0
6729,19.0
6730,13.0
6731,26.0
6732,8.0
6733,27.0
6734,22.0
6735,12.0
6736,26.0
6737,27.0
6738,27.0
6739,22.0
6740,3.0
6741,16.0
6742,17.0
6743,21.0
6744,24.0
6745,1.0
6746,18.0
6747,13.0
6748,26.0
6749,5.0
6750,8.0
6751,14.0
6752,25.0
6753,4.0
6754,7.0
6755,4.0
6756,5.0
6757,5.0
6758,24.0
6759,2.0
6760,3.0
6761,8.0
6762,24.0
6763,3.0
6764,20.0
6765,8.0
6766,8.0
6767,6.0
6768,19.0
6769,16.0
6770,0.0
6771,26.0
6772,0.0
6773,12.0
6774,13.0
6775,22.0
6776,25.0
6777,9.0
6778,19.0
6779,17.0
6780,0.0
6781,8.0
6782,3.0
6783,10.0
6784,6.0
6785,17.0
6786,22.0
6787,15.0
6788,6.0
6789,6.0
6790,15.0
6791,16.0
6792,27.0
6793,12.0
6794,5.0
6795,0.0
6796,0.0
6797,0.0
6798,2.0
6799,24.0
6800,16.0
6801,1.0
6802,19.0
6803,4.0
6804,8.0
6805,3.0
6806,15.0
6807,12.0
6808,16.0
6809,21.0
6810,22.0
6811,25.0
6812,3.0
6813,25.0
6814,5.0
6815,16.0
6816,3.0
6817,21.0
6818,27.0
6819,10.0
6820,20.0
6821,1.0
6822,7.0
6823,24.0
6824,21.0
6825,10.0
6826,10.0
6827,4.0
6828,4.0
6829,23.0
6830,6.0
6831,25.0
6832,25.0
6833,21.0
6834,3.0
6835,0.0
6836,7.0
6837,6.0
6838,10.0
6839,6.0
6840,24.0
6841,6.0
6842,9.0
6843,24.0
6844,22.0
6845,10.0
6846,14.0
6847,6.0
6848,9.0
6849,8.0
6850,13.0
6851,0.0
6852,0.0
6853,3.0
6854,0.0
6855,3.0
6856,9.0
6857,3.0
6858,25.0
6859,17.0
6860,16.0
6861,8.0
6862,2.0
6863,12.0
6864,25.0
6865,22.0
6866,9.0
6867,0.0
6868,5.0
6869,9.0
6870,25.0
6871,25.0
6872,22.0
6873,26.0
6874,1.0
6875,3.0
6876,16.0
6877,0.0
6878,14.0
6879,1.0
6880,14.0
6881,27.0
6882,0.0
6883,5.0
6884,11.0
6885,19.0
6886,12.0
6887,6.0
6888,5.0
6889,24.0
6890,3.0
6891,11.0
6892,16.0
6893,19.0
6894,7.0
6895,0.0
6896,9.0
6897,10.0
6898,19.0
6899,14.0
6900,16.0
6901,23.0
6902,26.0
6903,6.0
6904,26.0
6905,4.0
6906,25.0
6907,2.0
6908,16.0
6909,2.0
6910,3.0
6911,24.0
6912,2.0
6913,6.0
6914,27.0
6915,26.0
6916,6.0
6917,6.0
6918,8.0
6919,19.0
6920,25.0
6921,22.0
6922,24.0
6923,4.0
6924,10.0
6925,10.0
6926,0.0
6927,22.0
6928,17.0
6929,0.0
6930,1.0
6931,17.0
6932,15.0
6933,26.0
6934,23.0
6935,10.0
6936,10.0
6937,0.0
6938,3.0
6939,2.0
6940,25.0
6941,1.0
6942,27.0
6943,25.0
6944,19.0
6945,3.0
6946,2.0
6947,21.0
6948,0.0
6949,3.0
6950,24.0
6951,16.0
6952,3.0
6953,20.0
6954,27.0
6955,17.0
6956,20.0
6957,9.0
6958,10.0
6959,6.0
6960,0.0
6961,16.0
6962,3.0
6963,22.0
6964,0.0
6965,1.0
6966,3.0
6967,6.0
6968,16.0
6969,14.0
6970,10.0
6971,17.0
6972,8.0
6973,0.0
6974,18.0
6975,1.0
6976,15.0
6977,10.0
6978,10.0
6979,20.0
6980,22.0
6981,22.0
6982,21.0
6983,0.0
6984,9.0
6985,2.0
6986,15.0
6987,23.0
6988,14.0
6989,24.0
6990,8.0
6991,1.0
6992,6.0
6993,12.0
6994,4.0
6995,5.0
6996,13.0
6997,0.0
6998,22.0
6999,9.0
7000,9.0
7001,15.0
7002,14.0
7003,27.0
7004,2.0
7005,20.0
7006,4.0
7007,17.0
7008,21.0
7009,1.0
7010,12.0
7011,1.0
7012,19.0
7013,1.0
7014,2.0
7015,2.0
7016,1.0
7017,12.0
7018,15.0
7019,11.0
7020,1.0
7021,20.0
7022,26.0
7023,4.0
7024,13.0
7025,24.0
7026,0.0
7027,0.0
7028,21.0
7029,5.0
7030,16.0
7031,1.0
7032,26.0
7033,0.0
7034,25.0
7035,9.0
7036,19.0
7037,24.0
7038,15.0
7039,0.0
7040,9.0
7041,4.0
7042,24.0
7043,19.0
7044,8.0
7045,20.0
7046,1.0
7047,1.0
7048,4.0
7049,3.0
7050,1.0
7051,26.0
7052,21.0
7053,17.0
7054,8.0
7055,8.0
7056,10.0
7057,6.0
7058,6.0
7059,12.0
7060,3.0
7061,16.0
7062,5.0
7063,19.0
7064,7.0
7065,3.0
7066,24.0
7067,24.0
7068,3.0
7069,6.0
7070,1.0
7071,2.0
7072,2.0
7073,3.0
7074,17.0
7075,17.0
7076,20.0
7077,5.0
7078,13.0
7079,20.0
7080,18.0
7081,27.0
7082,24.0
7083,3.0
7084,18.0
7085,10.0
7086,5.0
7087,2.0
7088,9.0
7089,0.0
7090,3.0
7091,10.0
7092,21.0
7093,5.0
7094,17.0
7095,9.0
7096,5.0
7097,1.0
7098,6.0
7099,12.0
7100,0.0
7101,8.0
7102,0.0
7103,14.0
7104,13.0
7105,26.0
7106,10.0
7107,12.0
7108,23.0
7109,18.0
7110,1.0
7111,16.0
7112,22.0
7113,11.0
7114,15.0
7115,0.0
7116,6.0
7117,6.0
7118,16.0
7119,8.0
7120,22.0
7121,11.0
7122,19.0
7123,0.0
7124,10.0
7125,15.0
7126,1.0
7127,19.0
7128,2.0
7129,14.0
7130,18.0
7131,24.0
7132,4.0
7133,21.0
7134,6.0
7135,11.0
7136,26.0
7137,15.0
7138,9.0
7139,17.0
7140,6.0
7141,12.0
7142,15.0
7143,25.0
7144,13.0
7145,22.0
7146,12.0
7147,0.0
7148,9.0
7149,15.0
7150,9.0
7151,17.0
7152,1.0
7153,15.0
7154,9.0
7155,23.0
7156,1.0
7157,1.0
7158,11.0
7159,12.0
7160,9.0
7161,22.0
7162,3.0
7163,19.0
7164,1.0
7165,10.0
7166,3.0
7167,24.0
7168,24.0
7169,5.0
7170,8.0
7171,23.0
7172,6.0
7173,2.0
7174,24.0
7175,3.0
7176,18.0
7177,26.0
7178,2.0
7179,25.0
7180,15.0
7181,8.0
7182,6.0
7183,6.0
7184,17.0
7185,20.0
7186,6.0
7187,20.0
7188,1.0
7189,26.0
7190,14.0
7191,0.0
7192,5.0
7193,0.0
7194,1.0
7195,25.0
7196,5.0
7197,1.0
7198,15.0
7199,12.0
7200,7.0
7201,8.0
7202,5.0
7203,21.0
7204,8.0
7205,4.0
7206,21.0
7207,6.0
7208,2.0
7209,12.0
7210,15.0
7211,5.0
7212,11.0
7213,9.0
7214,10.0
7215,15.0
7216,5.0
7217,24.0
7218,14.0
7219,9.0
7220,15.0
7221,10.0
7222,7.0
7223,24.0
7224,26.0
7225,16.0
7226,4.0
7227,27.0
7228,4.0
7229,17.0
7230,3.0
7231,6.0
7232,26.0
7233,0.0
7234,22.0
7235,20.0
7236,27.0
7237,21.0
7238,20.0
7239,14.0
7240,10.0
7241,16.0
7242,23.0
7243,1.0
7244,9.0
7245,10.0
7246,6.0
7247,22.0
7248,15.0
7249,0.0
7250,22.0
7251,2.0
7252,2.0
7253,21.0
7254,4.0
7255,15.0
7256,10.0
7257,6.0
7258,17.0
7259,3.0
7260,0.0
7261,3.0
7262,22.0
7263,0.0
7264,5.0
7265,1.0
7266,25.0
7267,22.0
7268,19.0
7269,16.0
7270,24.0
7271,22.0
7272,21.0
7273,6.0
7274,2.0
7275,16.0
7276,0.0
7277,9.0
7278,5.0
7279,5.0
7280,26.0
7281,0.0
7282,21.0
7283,5.0
7284,11.0
7285,25.0
7286,26.0
7287,25.0
7288,1.0
7289,17.0
7290,14.0
7291,10.0
7292,23.0
7293,6.0
7294,2.0
7295,14.0
7296,24.0
7297,14.0
7298,1.0
7299,15.0
7300,22.0
7301,21.0
7302,13.0
7303,6.0
7304,2.0
7305,8.0
7306,9.0
7307,8.0
7308,2.0
7309,24.0
7310,10.0
7311,23.0
7312,0.0
7313,15.0
7314,16.0
7315,0.0
7316,11.0
7317,6.0
7318,13.0
7319,16.0
7320,25.0
7321,1.0
7322,19.0
7323,12.0
7324,1.0
7325,16.0
7326,15.0
7327,6.0
7328,12.0
7329,6.0
7330,10.0
7331,3.0
7332,0.0
7333,8.0
7334,9.0
7335,0.0
7336,3.0
7337,26.0
7338,10.0
7339,16.0
7340,3.0
7341,22.0
7342,4.0
7343,26.0
7344,5.0
7345,1.0
7346,17.0
7347,23.0
7348,2.0
7349,21.0
7350,3.0
7351,5.0
7352,17.0
7353,1.0
7354,3.0
7355,2.0
7356,3.0
7357,10.0
7358,21.0
7359,22.0
7360,14.0
7361,12.0
7362,21.0
7363,26.0
7364,21.0
7365,10.0
7366,19.0
7367,23.0
7368,14.0
7369,12.0
7370,3.0
7371,25.0
7372,25.0
7373,9.0
7374,8.0
7375,8.0
7376,8.0
7377,19.0
7378,5.0
7379,16.0
7380,3.0
7381,25.0
7382,5.0
7383,24.0
7384,25.0
7385,13.0
7386,2.0
7387,6.0
7388,8.0
7389,8.0
7390,19.0
7391,15.0
7392,10.0
7393,17.0
7394,5.0
7395,15.0
7396,26.0
7397,22.0
7398,3.0
7399,1.0
7400,22.0
7401,19.0
7402,7.0
7403,17.0
7404,2.0
7405,13.0
7406,19.0
7407,12.0
7408,8.0
7409,0.0
7410,21.0
7411,5.0
7412,2.0
7413,24.0
7414,10.0
7415,9.0
7416,18.0
7417,17.0
7418,24.0
7419,0.0
7420,25.0
7421,9.0
7422,5.0
7423,24.0
7424,22.0
7425,25.0
7426,0.0
7427,1.0
7428,23.0
7429,2.0
7430,0.0
7431,8.0
7432,3.0
7433,25.0
7434,18.0
7435,7.0
7436,13.0
7437,5.0
7438,0.0
7439,4.0
7440,9.0
7441,14.0
7442,1.0
7443,21.0
7444,20.0
7445,1.0
7446,1.0
7447,5.0
7448,9.0
7449,9.0
7450,0.0
7451,15.0
7452,5.0
7453,9.0
7454,1.0
7455,3.0
7456,0.0
7457,22.0
7458,22.0
7459,18.0
7460,8.0
7461,11.0
7462,18.0
7463,1.0
7464,22.0
7465,9.0
7466,4.0
7467,7.0
7468,16.0
7469,22.0
7470,11.0
7471,9.0
7472,3.0
7473,7.0
7474,2.0
7475,15.0
7476,24.0
7477,5.0
7478,13.0
7479,15.0
7480,24.0
7481,11.0
7482,0.0
7483,1.0
7484,1.0
7485,18.0
7486,26.0
7487,16.0
7488,3.0
7489,0.0
7490,1.0
7491,13.0
7492,0.0
7493,8.0
7494,12.0
7495,24.0
7496,18.0
7497,2.0
7498,1.0
7499,22.0
7500,0.0
7501,26.0
7502,9.0
7503,15.0
7504,1.0
7505,3.0
7506,10.0
7507,24.0
7508,2.0
7509,12.0
7510,13.0
7511,16.0
7512,13.0
7513,24.0
7514,16.0
7515,17.0
7516,26.0
7517,6.0
7518,26.0
7519,1.0
7520,27.0
7521,1.0
7522,0.0
7523,10.0
7524,10.0
7525,8.0
7526,21.0
7527,10.0
7528,1.0
7529,7.0
7530,21.0
7531,21.0
7532,21.0
7533,7.0
7534,18.0
7535,3.0
7536,21.0
7537,12.0
7538,19.0
7539,9.0
7540,24.0
7541,0.0
7542,6.0
7543,11.0
7544,1.0
7545,9.0
7546,1.0
7547,1.0
7548,18.0
7549,15.0
7550,4.0
7551,3.0
7552,15.0
7553,6.0
7554,21.0
7555,21.0
7556,9.0
7557,3.0
7558,3.0
7559,0.0
7560,21.0
7561,21.0
7562,1.0
7563,26.0
7564,21.0
7565,5.0
7566,0.0
7567,16.0
7568,6.0
7569,13.0
7570,3.0
7571,3.0
7572,15.0
7573,13.0
7574,16.0
7575,13.0
7576,24.0
7577,11.0
7578,13.0
7579,22.0
7580,0.0
7581,25.0
7582,9.0
7583,2.0
7584,12.0
7585,16.0
7586,3.0
7587,2.0
7588,8.0
7589,19.0
7590,3.0
7591,23.0
7592,3.0
7593,8.0
7594,24.0
7595,3.0
7596,22.0
7597,19.0
7598,17.0
7599,7.0
7600,22.0
7601,0.0
7602,15.0
7603,15.0
7604,4.0
7605,9.0
7606,22.0
7607,14.0
7608,21.0
7609,16.0
7610,9.0
7611,26.0
7612,22.0
7613,17.0
7614,22.0
7615,6.0
7616,3.0
7617,18.0
7618,9.0
7619,16.0
7620,25.0
7621,19.0
7622,25.0
7623,6.0
7624,24.0
7625,25.0
7626,3.0
7627,15.0
7628,1.0
7629,3.0
7630,1.0
7631,10.0
7632,26.0
7633,4.0
7634,0.0
7635,21.0
7636,21.0
7637,19.0
7638,6.0
7639,24.0
7640,20.0
7641,22.0
7642,1.0
7643,1.0
7644,11.0
7645,18.0
7646,15.0
7647,18.0
7648,2.0
7649,9.0
7650,0.0
7651,15.0
7652,21.0
7653,3.0
7654,10.0
7655,13.0
7656,1.0
7657,1.0
7658,2.0
7659,2.0
7660,27.0
7661,2.0
7662,7.0
7663,1.0
7664,11.0
7665,19.0
7666,3.0
7667,1.0
7668,22.0
7669,13.0
7670,3.0
7671,4.0
7672,18.0
7673,10.0
7674,21.0
7675,9.0
7676,24.0
7677,6.0
7678,0.0
7679,0.0
7680,1.0
7681,1.0
7682,23.0
7683,2.0
7684,15.0
7685,6.0
7686,6.0
7687,25.0
7688,9.0
7689,15.0
7690,3.0
7691,0.0
7692,27.0
7693,19.0
7694,8.0
7695,9.0
7696,25.0
7697,22.0
7698,16.0
7699,8.0
7700,15.0
7701,9.0
7702,22.0
7703,1.0
7704,15.0
7705,13.0
7706,0.0
7707,15.0
7708,5.0
7709,24.0
7710,8.0
7711,17.0
7712,18.0
7713,0.0
7714,1.0
7715,15.0
7716,17.0
7717,5.0
7718,24.0
7719,18.0
7720,9.0
7721,7.0
7722,10.0
7723,16.0
7724,9.0
7725,13.0
7726,0.0
7727,26.0
7728,0.0
7729,0.0
7730,3.0
7731,24.0
7732,11.0
7733,8.0
7734,12.0
7735,0.0
7736,13.0
7737,10.0
7738,15.0
7739,15.0
7740,25.0
7741,13.0
7742,8.0
7743,25.0
7744,18.0
7745,26.0
7746,26.0
7747,0.0
7748,22.0
7749,9.0
7750,22.0
7751,8.0
7752,15.0
7753,16.0
7754,24.0
7755,21.0
7756,10.0
7757,19.0
7758,9.0
7759,19.0
7760,9.0
7761,5.0
7762,19.0
7763,25.0
7764,16.0
7765,13.0
7766,16.0
7767,1.0
7768,21.0
7769,16.0
7770,3.0
7771,1.0
7772,7.0
7773,24.0
7774,15.0
7775,1.0
7776,17.0
7777,24.0
7778,13.0
7779,5.0
7780,0.0
7781,9.0
7782,1.0
7783,15.0
7784,3.0
7785,24.0
7786,0.0
7787,1.0
7788,19.0
7789,9.0
7790,15.0
7791,19.0
7792,1.0
7793,20.0
7794,20.0
7795,26.0
7796,6.0
7797,6.0
7798,18.0
7799,3.0
7800,0.0
7801,9.0
7802,10.0
7803,8.0
7804,9.0
7805,2.0
7806,6.0
7807,21.0
7808,18.0
7809,1.0
7810,18.0
7811,19.0
7812,11.0
7813,26.0
7814,0.0
7815,15.0
7816,6.0
7817,26.0
7818,10.0
7819,18.0
7820,6.0
7821,0.0
7822,22.0
7823,15.0
7824,13.0
7825,11.0
7826,3.0
7827,3.0
7828,15.0
7829,0.0
7830,20.0
7831,3.0
7832,13.0
7833,16.0
7834,25.0
7835,15.0
7836,6.0
7837,18.0
7838,26.0
7839,15.0
7840,12.0
7841,6.0
7842,25.0
7843,0.0
7844,9.0
7845,0.0
7846,9.0
7847,7.0
7848,25.0
7849,3.0
7850,27.0
7851,0.0
7852,24.0
7853,15.0
7854,3.0
7855,6.0
7856,1.0
7857,24.0
7858,24.0
7859,12.0
7860,21.0
7861,16.0
7862,1.0
7863,15.0
7864,5.0
7865,4.0
7866,2.0
7867,22.0
7868,13.0
7869,24.0
7870,13.0
7871,13.0
7872,0.0
7873,27.0
7874,1.0
7875,21.0
7876,22.0
7877,3.0
7878,13.0
7879,1.0
7880,25.0
7881,21.0
7882,9.0
7883,18.0
7884,16.0
7885,10.0
7886,21.0
7887,8.0
7888,22.0
7889,24.0
7890,3.0
7891,5.0
7892,6.0
7893,10.0
7894,1.0
7895,0.0
7896,19.0
7897,19.0
7898,1.0
7899,18.0
7900,4.0
7901,24.0
7902,25.0
7903,8.0
7904,8.0
7905,6.0
7906,26.0
7907,5.0
7908,27.0
7909,6.0
7910,3.0
7911,0.0
7912,0.0
7913,3.0
7914,22.0
7915,19.0
7916,24.0
7917,18.0
7918,24.0
7919,5.0
7920,11.0
7921,10.0
7922,19.0
7923,11.0
7924,13.0
7925,25.0
7926,6.0
7927,0.0
7928,0.0
7929,10.0
7930,21.0
7931,4.0
7932,8.0
7933,18.0
7934,21.0
7935,19.0
7936,26.0
7937,8.0
7938,3.0
7939,15.0
7940,3.0
7941,1.0
7942,13.0
7943,19.0
7944,18.0
7945,1.0
7946,10.0
7947,10.0
7948,0.0
7949,16.0
7950,16.0
7951,2.0
7952,5.0
7953,9.0
7954,19.0
7955,8.0
7956,9.0
7957,21.0
7958,16.0
7959,25.0
7960,2.0
7961,20.0
7962,6.0
7963,5.0
7964,12.0
7965,25.0
7966,5.0
7967,25.0
7968,18.0
7969,13.0
7970,24.0
7971,27.0
7972,20.0
7973,3.0
7974,0.0
7975,13.0
7976,3.0
7977,7.0
7978,22.0
7979,1.0
7980,27.0
7981,7.0
7982,21.0
7983,24.0
7984,27.0
7985,2.0
7986,24.0
7987,0.0
7988,22.0
7989,25.0
7990,6.0
7991,5.0
7992,2.0
7993,21.0
7994,9.0
7995,0.0
7996,0.0
7997,9.0
7998,24.0
7999,10.0
8000,5.0
8001,25.0
8002,2.0
8003,19.0
8004,13.0
8005,22.0
8006,15.0
8007,14.0
8008,16.0
8009,6.0
8010,13.0
8011,3.0
8012,19.0
8013,21.0
8014,16.0
8015,8.0
8016,19.0
8017,10.0
8018,16.0
8019,8.0
8020,8.0
8021,4.0
8022,1.0
8023,21.0
8024,13.0
8025,25.0
8026,11.0
8027,5.0
8028,0.0
8029,13.0
8030,12.0
8031,13.0
8032,0.0
8033,0.0
8034,21.0
8035,13.0
8036,21.0
8037,24.0
8038,8.0
8039,24.0
8040,26.0
8041,5.0
8042,17.0
8043,8.0
8044,3.0
8045,15.0
8046,26.0
8047,21.0
8048,0.0
8049,6.0
8050,16.0
8051,2.0
8052,15.0
8053,22.0
8054,19.0
8055,21.0
8056,4.0
8057,10.0
8058,19.0
8059,8.0
8060,26.0
8061,3.0
8062,15.0
8063,13.0
8064,21.0
8065,11.0
8066,25.0
8067,19.0
8068,0.0
8069,13.0
8070,15.0
8071,9.0
8072,22.0
8073,11.0
8074,1.0
8075,9.0
8076,8.0
8077,0.0
8078,8.0
8079,8.0
8080,24.0
8081,0.0
8082,3.0
8083,16.0
8084,8.0
8085,14.0
8086,24.0
8087,11.0
8088,10.0
8089,19.0
8090,0.0
8091,2.0
8092,0.0
8093,2.0
8094,24.0
8095,18.0
8096,14.0
8097,8.0
8098,3.0
8099,8.0
8100,24.0
8101,15.0
8102,16.0
8103,17.0
8104,10.0
8105,1.0
8106,0.0
8107,6.0
8108,0.0
8109,16.0
8110,2.0
8111,21.0
8112,2.0
8113,24.0
8114,3.0
8115,12.0
8116,2.0
8117,6.0
8118,6.0
8119,16.0
8120,7.0
8121,15.0
8122,3.0
8123,22.0
8124,8.0
8125,25.0
8126,13.0
8127,3.0
8128,22.0
8129,25.0
8130,16.0
8131,21.0
8132,13.0
8133,6.0
8134,27.0
8135,5.0
8136,11.0
8137,0.0
8138,16.0
8139,3.0
8140,0.0
8141,10.0
8142,4.0
8143,2.0
8144,10.0
8145,10.0
8146,8.0
8147,8.0
8148,21.0
8149,1.0
8150,2.0
8151,5.0
8152,5.0
8153,12.0
8154,9.0
8155,2.0
8156,8.0
8157,24.0
8158,7.0
8159,24.0
8160,10.0
8161,11.0
8162,13.0
8163,9.0
8164,8.0
8165,18.0
8166,15.0
8167,10.0
8168,5.0
8169,10.0
8170,10.0
8171,22.0
8172,26.0
8173,19.0
8174,8.0
8175,8.0
8176,24.0
8177,25.0
8178,10.0
8179,13.0
8180,2.0
8181,19.0
8182,6.0
8183,8.0
8184,0.0
8185,10.0
8186,9.0
8187,22.0
8188,16.0
8189,19.0
8190,19.0
8191,3.0
8192,20.0
8193,21.0
8194,24.0
8195,15.0
8196,21.0
8197,3.0
8198,3.0
8199,17.0
8200,3.0
8201,22.0
8202,22.0
8203,13.0
8204,26.0
8205,0.0
8206,8.0
8207,13.0
8208,21.0
8209,21.0
8210,4.0
8211,2.0
8212,26.0
8213,24.0
8214,5.0
8215,14.0
8216,20.0
8217,1.0
8218,26.0
8219,1.0
8220,9.0
8221,16.0
8222,16.0
8223,2.0
8224,9.0
8225,11.0
8226,16.0
8227,10.0
8228,21.0
8229,6.0
8230,7.0
8231,26.0
8232,21.0
8233,6.0
8234,10.0
8235,19.0
8236,27.0
8237,16.0
8238,16.0
8239,15.0
8240,1.0
8241,24.0
8242,6.0
8243,0.0
8244,13.0
8245,4.0
8246,24.0
8247,25.0
8248,6.0
8249,20.0
8250,3.0
8251,22.0
8252,15.0
8253,11.0
8254,16.0
8255,5.0
8256,5.0
8257,10.0
8258,24.0
8259,10.0
8260,21.0
8261,6.0
8262,13.0
8263,1.0
8264,6.0
8265,17.0
8266,17.0
8267,24.0
8268,8.0
8269,14.0
8270,18.0
8271,19.0
8272,2.0
8273,21.0
8274,7.0
8275,22.0
8276,2.0
8277,13.0
8278,1.0
8279,0.0
8280,20.0
8281,3.0
8282,25.0
8283,16.0
8284,15.0
8285,25.0
8286,0.0
8287,8.0
8288,8.0
8289,25.0
8290,5.0
8291,6.0
8292,8.0
8293,24.0
8294,26.0
8295,4.0
8296,5.0
8297,6.0
8298,3.0
8299,15.0
8300,24.0
8301,26.0
8302,0.0
8303,24.0
8304,22.0
8305,15.0
8306,1.0
8307,8.0
8308,19.0
8309,24.0
8310,0.0
8311,23.0
8312,21.0
8313,4.0
8314,24.0
8315,3.0
8316,5.0
8317,1.0
8318,11.0
8319,0.0
8320,25.0
8321,2.0
8322,19.0
8323,3.0
8324,10.0
8325,8.0
8326,18.0
8327,15.0
8328,9.0
8329,8.0
8330,25.0
8331,2.0
8332,23.0
8333,6.0
8334,2.0
8335,1.0
8336,19.0
8337,10.0
8338,3.0
8339,1.0
8340,27.0
8341,25.0
8342,0.0
8343,26.0
8344,16.0
8345,2.0
8346,1.0
8347,24.0
8348,24.0
8349,6.0
8350,9.0
8351,19.0
8352,6.0
8353,11.0
8354,22.0
8355,17.0
8356,2.0
8357,0.0
8358,3.0
8359,0.0
8360,17.0
8361,10.0
8362,4.0
8363,3.0
8364,22.0
8365,8.0
8366,8.0
8367,10.0
8368,10.0
8369,0.0
8370,6.0
8371,9.0
8372,17.0
8373,6.0
8374,14.0
8375,1.0
8376,25.0
8377,1.0
8378,10.0
8379,21.0
8380,24.0
8381,3.0
8382,16.0
8383,24.0
8384,22.0
8385,25.0
8386,26.0
8387,6.0
8388,6.0
8389,23.0
8390,6.0
8391,3.0
8392,16.0
8393,11.0
8394,2.0
8395,7.0
8396,21.0
8397,22.0
8398,12.0
8399,8.0
8400,24.0
8401,20.0
8402,5.0
8403,1.0
8404,21.0
8405,6.0
8406,1.0
8407,13.0
8408,11.0
8409,22.0
8410,1.0
8411,19.0
8412,22.0
8413,16.0
8414,22.0
8415,21.0
8416,8.0
8417,18.0
8418,20.0
8419,3.0
8420,13.0
8421,4.0
8422,0.0
8423,20.0
8424,12.0
8425,20.0
8426,0.0
8427,3.0
8428,27.0
8429,0.0
8430,1.0
8431,15.0
8432,6.0
8433,21.0
8434,8.0
8435,7.0
8436,12.0
8437,19.0
8438,24.0
8439,3.0
8440,16.0
8441,15.0
8442,5.0
8443,8.0
8444,2.0
8445,3.0
8446,0.0
8447,19.0
8448,6.0
8449,9.0
8450,17.0
8451,1.0
8452,21.0
8453,16.0
8454,14.0
8455,16.0
8456,10.0
8457,24.0
8458,17.0
8459,8.0
8460,2.0
8461,8.0
8462,19.0
8463,16.0
8464,18.0
8465,21.0
8466,3.0
8467,3.0
8468,3.0
8469,0.0
8470,2.0
8471,14.0
8472,26.0
8473,10.0
8474,24.0
8475,19.0
8476,14.0
8477,8.0
8478,24.0
8479,13.0
8480,0.0
8481,26.0
8482,19.0
8483,16.0
8484,10.0
8485,2.0
8486,25.0
8487,3.0
8488,5.0
8489,3.0
8490,16.0
8491,0.0
8492,8.0
8493,20.0
8494,21.0
8495,1.0
8496,0.0
8497,0.0
8498,13.0
8499,14.0
8500,10.0
8501,9.0
8502,0.0
8503,5.0
8504,8.0
8505,21.0
8506,21.0
8507,11.0
8508,10.0
8509,17.0
8510,20.0
8511,11.0
8512,19.0
8513,25.0
8514,26.0
8515,3.0
8516,8.0
8517,4.0
8518,22.0
8519,21.0
8520,3.0
8521,13.0
8522,10.0
8523,3.0
8524,5.0
8525,11.0
8526,5.0
8527,17.0
8528,3.0
8529,8.0
8530,21.0
8531,26.0
8532,0.0
8533,3.0
8534,15.0
8535,10.0
8536,18.0
8537,8.0
8538,8.0
8539,0.0
8540,10.0
8541,3.0
8542,0.0
8543,3.0
8544,0.0
8545,19.0
8546,13.0
8547,15.0
8548,3.0
8549,25.0
8550,25.0
8551,10.0
8552,11.0
8553,13.0
8554,24.0
8555,14.0
8556,19.0
8557,24.0
8558,22.0
8559,9.0
8560,0.0
8561,0.0
8562,1.0
8563,18.0
8564,1.0
8565,10.0
8566,18.0
8567,13.0
8568,12.0
8569,16.0
8570,0.0
8571,0.0
8572,25.0
8573,24.0
8574,11.0
8575,3.0
8576,12.0
8577,25.0
8578,25.0
8579,18.0
8580,22.0
8581,5.0
8582,22.0
8583,1.0
8584,22.0
8585,14.0
8586,2.0
8587,21.0
8588,2.0
8589,27.0
8590,2.0
8591,10.0
8592,16.0
8593,8.0
8594,7.0
8595,6.0
8596,6.0
8597,26.0
8598,2.0
8599,1.0
8600,14.0
8601,19.0
8602,2.0
8603,1.0
8604,6.0
8605,1.0
8606,3.0
8607,12.0
8608,0.0
8609,13.0
8610,9.0
8611,0.0
8612,8.0
8613,22.0
8614,3.0
8615,3.0
8616,9.0
8617,10.0
8618,8.0
8619,26.0
8620,19.0
8621,8.0
8622,7.0
8623,15.0
8624,9.0
8625,17.0
8626,21.0
8627,25.0
8628,1.0
8629,12.0
8630,0.0
8631,0.0
8632,2.0
8633,0.0
8634,15.0
8635,4.0
8636,10.0
8637,0.0
8638,24.0
8639,8.0
8640,25.0
8641,5.0
8642,18.0
8643,22.0
8644,4.0
8645,6.0
8646,22.0
8647,16.0
8648,3.0
8649,0.0
8650,1.0
8651,10.0
8652,3.0
8653,15.0
8654,25.0
8655,8.0
8656,5.0
8657,24.0
8658,17.0
8659,19.0
8660,20.0
8661,3.0
8662,4.0
8663,16.0
8664,15.0
8665,8.0
8666,26.0
8667,0.0
8668,14.0
8669,21.0
8670,14.0
8671,21.0
8672,0.0
8673,13.0
8674,0.0
8675,12.0
8676,13.0
8677,22.0
8678,3.0
8679,16.0
8680,26.0
8681,10.0
8682,0.0
8683,15.0
8684,22.0
8685,25.0
8686,2.0
8687,9.0
8688,8.0
8689,24.0
8690,16.0
8691,16.0
8692,8.0
8693,25.0
8694,22.0
8695,0.0
8696,3.0
8697,3.0
8698,16.0
8699,15.0
8700,1.0
8701,6.0
8702,9.0
8703,22.0
8704,3.0
8705,4.0
8706,12.0
8707,21.0
8708,6.0
8709,25.0
8710,6.0
8711,1.0
8712,21.0
8713,9.0
8714,9.0
8715,12.0
8716,0.0
8717,17.0
8718,3.0
8719,15.0
8720,25.0
8721,22.0
8722,3.0
8723,0.0
8724,13.0
8725,24.0
8726,0.0
8727,1.0
8728,26.0
8729,21.0
8730,24.0
8731,26.0
8732,19.0
8733,8.0
8734,18.0
8735,0.0
8736,5.0
8737,20.0
8738,0.0
8739,0.0
8740,10.0
8741,21.0
8742,6.0
8743,21.0
8744,15.0
8745,27.0
8746,21.0
8747,10.0
8748,1.0
8749,20.0
8750,22.0
8751,25.0
8752,1.0
8753,22.0
8754,13.0
8755,0.0
8756,1.0
8757,8.0
8758,9.0
8759,8.0
8760,16.0
8761,0.0
8762,21.0
8763,20.0
8764,14.0
8765,22.0
8766,16.0
8767,21.0
8768,7.0
8769,19.0
8770,24.0
8771,8.0
8772,12.0
8773,6.0
8774,24.0
8775,3.0
8776,16.0
8777,7.0
8778,2.0
8779,2.0
8780,0.0
8781,16.0
8782,1.0
8783,19.0
8784,1.0
8785,1.0
8786,0.0
8787,1.0
8788,21.0
8789,17.0
8790,25.0
8791,8.0
8792,15.0
8793,10.0
8794,13.0
8795,21.0
8796,7.0
8797,19.0
8798,2.0
8799,7.0
8800,13.0
8801,16.0
8802,0.0
8803,0.0
8804,0.0
8805,6.0
8806,14.0
8807,26.0
8808,19.0
8809,24.0
8810,0.0
8811,9.0
8812,2.0
8813,25.0
8814,21.0
8815,18.0
8816,25.0
8817,3.0
8818,1.0
8819,26.0
8820,21.0
8821,5.0
8822,3.0
8823,24.0
8824,8.0
8825,0.0
8826,22.0
8827,0.0
8828,20.0
8829,0.0
8830,15.0
8831,0.0
8832,3.0
8833,1.0
8834,26.0
8835,12.0
8836,10.0
8837,21.0
8838,16.0
8839,15.0
8840,0.0
8841,15.0
8842,12.0
8843,19.0
8844,0.0
8845,9.0
8846,2.0
8847,21.0
8848,3.0
8849,22.0
8850,3.0
8851,8.0
8852,13.0
8853,25.0
8854,20.0
8855,0.0
8856,24.0
8857,9.0
8858,1.0
8859,15.0
8860,21.0
8861,3.0
8862,26.0
8863,10.0
8864,10.0
8865,14.0
8866,18.0
8867,9.0
8868,17.0
8869,9.0
8870,24.0
8871,3.0
8872,1.0
8873,17.0
8874,9.0
8875,25.0
8876,25.0
8877,23.0
8878,19.0
8879,24.0
8880,1.0
8881,2.0
8882,17.0
8883,19.0
8884,4.0
8885,22.0
8886,22.0
8887,0.0
8888,23.0
8889,3.0
8890,18.0
8891,1.0
8892,22.0
8893,0.0
8894,10.0
8895,0.0
8896,15.0
8897,19.0
8898,2.0
8899,2.0
8900,20.0
8901,0.0
8902,3.0
8903,9.0
8904,26.0
8905,15.0
8906,26.0
8907,25.0
8908,4.0
8909,26.0
8910,9.0
8911,24.0
8912,13.0
8913,17.0
8914,14.0
8915,8.0
8916,16.0
8917,27.0
8918,19.0
8919,12.0
8920,22.0
8921,12.0
8922,3.0
8923,26.0
8924,1.0
8925,16.0
8926,0.0
8927,16.0
8928,15.0
8929,1.0
8930,24.0
8931,10.0
8932,0.0
8933,25.0
8934,10.0
8935,25.0
8936,5.0
8937,4.0
8938,2.0
8939,22.0
8940,10.0
8941,20.0
8942,22.0
8943,15.0
8944,6.0
8945,1.0
8946,3.0
8947,2.0
8948,8.0
8949,16.0
8950,6.0
8951,16.0
8952,6.0
8953,18.0
8954,13.0
8955,22.0
8956,10.0
8957,0.0
8958,24.0
8959,6.0
8960,8.0
8961,2.0
8962,21.0
8963,16.0
8964,15.0
8965,3.0
8966,0.0
8967,10.0
8968,6.0
8969,24.0
8970,19.0
8971,13.0
8972,15.0
8973,6.0
8974,20.0
8975,0.0
8976,1.0
8977,2.0
8978,16.0
8979,22.0
8980,2.0
8981,0.0
8982,22.0
8983,24.0
8984,1.0
8985,21.0
8986,19.0
8987,25.0
8988,15.0
8989,8.0
8990,10.0
8991,18.0
8992,10.0
8993,10.0
8994,25.0
8995,1.0
8996,24.0
8997,22.0
8998,9.0
8999,24.0
9000,21.0
9001,16.0
9002,10.0
9003,25.0
9004,10.0
9005,0.0
9006,27.0
9007,3.0
9008,2.0
9009,17.0
9010,15.0
9011,8.0
9012,13.0
9013,8.0
9014,15.0
9015,15.0
9016,26.0
9017,0.0
9018,15.0
9019,14.0
9020,8.0
9021,12.0
9022,25.0
9023,18.0
9024,16.0
9025,13.0
9026,13.0
9027,0.0
9028,20.0
9029,1.0
9030,27.0
9031,17.0
9032,25.0
9033,3.0
9034,2.0
9035,2.0
9036,2.0
9037,3.0
9038,27.0
9039,22.0
9040,3.0
9041,24.0
9042,26.0
9043,9.0
9044,13.0
9045,23.0
9046,19.0
9047,0.0
9048,2.0
9049,15.0
9050,25.0
9051,24.0
9052,9.0
9053,26.0
9054,16.0
9055,13.0
9056,10.0
9057,9.0
9058,23.0
9059,23.0
9060,16.0
9061,24.0
9062,2.0
9063,18.0
9064,6.0
9065,23.0
9066,25.0
9067,25.0
9068,13.0
9069,9.0
9070,16.0
9071,0.0
9072,2.0
9073,18.0
9074,15.0
9075,3.0
9076,8.0
9077,1.0
9078,2.0
9079,16.0
9080,16.0
9081,27.0
9082,10.0
9083,8.0
9084,19.0
9085,3.0
9086,0.0
9087,3.0
9088,1.0
9089,13.0
9090,19.0
9091,24.0
9092,25.0
9093,12.0
9094,1.0
9095,18.0
9096,26.0
9097,13.0
9098,21.0
9099,10.0
9100,3.0
9101,0.0
9102,8.0
9103,10.0
9104,22.0
9105,13.0
9106,18.0
9107,8.0
9108,1.0
9109,7.0
9110,0.0
9111,4.0
9112,0.0
9113,25.0
9114,9.0
9115,0.0
9116,3.0
9117,0.0
9118,22.0
9119,22.0
9120,24.0
9121,24.0
9122,4.0
9123,8.0
9124,21.0
9125,18.0
9126,15.0
9127,22.0
9128,15.0
9129,21.0
9130,26.0
9131,0.0
9132,21.0
9133,4.0
9134,3.0
9135,9.0
9136,22.0
9137,19.0
9138,17.0
9139,16.0
9140,8.0
9141,15.0
9142,11.0
9143,18.0
9144,24.0
9145,2.0
9146,8.0
9147,2.0
9148,25.0
9149,15.0
9150,6.0
9151,3.0
9152,2.0
9153,22.0
9154,18.0
9155,27.0
9156,0.0
9157,8.0
9158,2.0
9159,27.0
9160,4.0
9161,26.0
9162,6.0
9163,27.0
9164,23.0
9165,0.0
9166,15.0
9167,6.0
9168,15.0
9169,16.0
9170,25.0
9171,10.0
9172,15.0
9173,25.0
9174,15.0
9175,19.0
9176,26.0
9177,7.0
9178,27.0
9179,1.0
9180,19.0
9181,22.0
9182,9.0
9183,0.0
9184,3.0
9185,16.0
9186,25.0
9187,25.0
9188,7.0
9189,6.0
9190,9.0
9191,2.0
9192,25.0
9193,0.0
9194,0.0
9195,21.0
9196,23.0
9197,15.0
9198,25.0
9199,22.0
9200,9.0
9201,9.0
9202,4.0
9203,9.0
9204,21.0
9205,14.0
9206,5.0
9207,23.0
9208,8.0
9209,19.0
9210,19.0
9211,3.0
9212,21.0
9213,25.0
9214,22.0
9215,6.0
9216,15.0
9217,15.0
9218,21.0
9219,21.0
9220,3.0
9221,0.0
9222,24.0
9223,1.0
9224,10.0
9225,19.0
9226,8.0
9227,25.0
9228,11.0
9229,9.0
9230,16.0
9231,13.0
9232,23.0
9233,14.0
9234,16.0
9235,1.0
9236,3.0
9237,0.0
9238,22.0
9239,6.0
9240,20.0
9241,13.0
9242,15.0
9243,9.0
9244,26.0
9245,17.0
9246,11.0
9247,15.0
9248,2.0
9249,16.0
9250,24.0
9251,0.0
9252,3.0
9253,9.0
9254,9.0
9255,18.0
9256,15.0
9257,8.0
9258,18.0
9259,14.0
9260,4.0
9261,6.0
9262,22.0
9263,10.0
9264,6.0
9265,0.0
9266,0.0
9267,14.0
9268,3.0
9269,11.0
9270,18.0
9271,1.0
9272,7.0
9273,6.0
9274,9.0
9275,10.0
9276,25.0
9277,23.0
9278,13.0
9279,0.0
9280,6.0
9281,24.0
9282,6.0
9283,11.0
9284,14.0
9285,16.0
9286,27.0
9287,15.0
9288,2.0
9289,0.0
9290,16.0
9291,22.0
9292,0.0
9293,21.0
9294,21.0
9295,15.0
9296,6.0
9297,2.0
9298,26.0
9299,8.0
9300,20.0
9301,16.0
9302,22.0
9303,13.0
9304,1.0
9305,16.0
9306,1.0
9307,25.0
9308,15.0
9309,22.0
